/*
 Navicat Premium Data Transfer

 Source Server         : 阿里云天猫
 Source Server Type    : MySQL
 Source Server Version : 50717
 Source Host           : 39.107.88.195:3306
 Source Schema         : tmalldemodb

 Target Server Type    : MySQL
 Target Server Version : 50717
 File Encoding         : 65001

 Date: 09/09/2019 19:45:41
*/


-- ----------------------------
-- Table structure for admin
-- ----------------------------
DROP TABLE IF EXISTS `admin`;
CREATE TABLE `admin`  (
  `admin_id` int(10) NOT NULL AUTO_INCREMENT,
  `admin_name` varchar(25) CHARACTER SET utf8 COLLATE utf8_bin NOT NULL,
  `admin_nickname` varchar(50) CHARACTER SET utf8 COLLATE utf8_general_ci NOT NULL DEFAULT '',
  `admin_password` varchar(50) CHARACTER SET utf8 COLLATE utf8_bin NOT NULL,
  `admin_profile_picture_src` varchar(255) CHARACTER SET utf8 COLLATE utf8_general_ci NULL DEFAULT NULL,
  PRIMARY KEY (`admin_id`) USING BTREE,
  UNIQUE INDEX `un_admin_name`(`admin_name`) USING BTREE,
  INDEX `un_admin_nickname`(`admin_nickname`) USING BTREE
) ENGINE = InnoDB AUTO_INCREMENT = 4 CHARACTER SET = utf8 COLLATE = utf8_general_ci ROW_FORMAT = Dynamic;

-- ----------------------------
-- Records of admin
-- ----------------------------
INSERT INTO `admin` VALUES (1, '1209577113', '江超', 'jxx123.0', '21d4356b-d72f-4336-aafa-404cd4f4396b.jpg');
INSERT INTO `admin` VALUES (2, '1311971563', '马栋梁', 'mdl123.0', NULL);
INSERT INTO `admin` VALUES (3, '411775814', '李浩', 'lihao123.0', NULL);

-- ----------------------------
-- Table structure for category
-- ----------------------------
DROP TABLE IF EXISTS `category`;
CREATE TABLE `category`  (
  `category_id` int(10) NOT NULL AUTO_INCREMENT,
  `category_name` varchar(20) CHARACTER SET utf8 COLLATE utf8_general_ci NOT NULL,
  `category_image_src` varchar(255) CHARACTER SET utf8 COLLATE utf8_general_ci NOT NULL,
  PRIMARY KEY (`category_id`) USING BTREE
) ENGINE = InnoDB AUTO_INCREMENT = 17 CHARACTER SET = utf8 COLLATE = utf8_general_ci ROW_FORMAT = Dynamic;

-- ----------------------------
-- Records of category
-- ----------------------------
INSERT INTO `category` VALUES (1, '女装 /大衣', '65d4300d-a44a-4ce6-a344-81fedfcc7bf8.jpg');
INSERT INTO `category` VALUES (2, '男装 /运动户外', 'ba33100c-bfe6-4ab2-ae1f-9d1c66863122.jpg');
INSERT INTO `category` VALUES (3, '女鞋 /男鞋 /箱包', '4dc606ab-adf8-4398-a63c-0f900a08d906.jpg');
INSERT INTO `category` VALUES (4, '美妆 /个人护理', '817a9e79-d4d4-401a-95dc-a69a2d597a32.jpg');
INSERT INTO `category` VALUES (5, '腕表 /眼镜 /珠宝饰品', '3a7105fa-d756-4d11-97f3-3b1548190c7d.jpg');
INSERT INTO `category` VALUES (6, '手机 /数码 /电脑办公', '610c7837-844b-46f9-a70b-7103e5e1ed3d.jpg');
INSERT INTO `category` VALUES (7, '母婴玩具', '994f2ffc-b6f3-4bb5-b1ea-bfd885d900e9.jpg');
INSERT INTO `category` VALUES (8, '零食 /茶酒 /进口食品', 'b04b76b5-af79-48a6-a802-1a91a8327b5c.jpg');
INSERT INTO `category` VALUES (9, '生鲜水果', '0b341c64-eaab-4e63-a518-758fa969c36d.jpg');
INSERT INTO `category` VALUES (10, '大家电 /生活电器', 'd983b737-27b4-4ff7-bb8d-6654e72869e2.jpg');
INSERT INTO `category` VALUES (11, '家居建材', '7171f8b1-7fef-4b95-9477-34cd726ecc76.jpg');
INSERT INTO `category` VALUES (12, '汽车 /配件 /用品', '27512309-957f-4065-b022-7956075e9de0.jpg');
INSERT INTO `category` VALUES (13, '家纺 /家饰 /鲜花', 'e9b80ef3-7a74-4ee9-aba1-61f5506f6dd9.jpg');
INSERT INTO `category` VALUES (14, '医药保健', '0029c7ee-6c66-4b3a-887b-475ef3a6bdee.jpg');
INSERT INTO `category` VALUES (15, '厨具 /收纳 /宠物', 'da6f2676-68fc-411c-87d7-490db6b25b31.jpg');
INSERT INTO `category` VALUES (16, '图书音像', '4601eb3f-2a7a-45d2-809d-8d0ba2260aed.jpg');

-- ----------------------------
-- Table structure for product
-- ----------------------------
DROP TABLE IF EXISTS `product`;
CREATE TABLE `product`  (
  `product_id` int(10) NOT NULL AUTO_INCREMENT,
  `product_name` varchar(100) CHARACTER SET utf8 COLLATE utf8_general_ci NOT NULL,
  `product_title` varchar(100) CHARACTER SET utf8 COLLATE utf8_general_ci NULL DEFAULT NULL,
  `product_price` decimal(10, 2) NULL DEFAULT NULL,
  `product_sale_price` decimal(10, 2) NOT NULL,
  `product_create_date` datetime(0) NOT NULL,
  `product_category_id` int(10) NOT NULL,
  `product_isEnabled` tinyint(1) NOT NULL DEFAULT 0,
  `product_sale_count` int(10) NOT NULL DEFAULT 0,
  `product_review_count` int(10) NOT NULL DEFAULT 0,
  PRIMARY KEY (`product_id`) USING BTREE,
  INDEX `product_ibfk_1`(`product_category_id`) USING BTREE,
  INDEX `cn_product_name`(`product_name`) USING BTREE,
  INDEX `cn_product_title`(`product_title`) USING BTREE,
  CONSTRAINT `product_ibfk_1` FOREIGN KEY (`product_category_id`) REFERENCES `category` (`category_id`) ON DELETE CASCADE ON UPDATE RESTRICT
) ENGINE = InnoDB AUTO_INCREMENT = 90 CHARACTER SET = utf8 COLLATE = utf8_general_ci ROW_FORMAT = Dynamic;

-- ----------------------------
-- Records of product
-- ----------------------------
INSERT INTO `product` VALUES (1, '2018春装新款韩版潮学生宽松薄款卫衣女长袖ins超火的上衣服外套', '春装新款百搭~~', 119.00, 79.00, '2018-04-24 10:36:23', 1, 0, 1221, 17);
INSERT INTO `product` VALUES (2, '乔琪诺牛仔卫衣女中长款连帽套头中袖韩版宽松2018新款连衣裙夏', '乔琪诺原创设计 送运费险', 270.00, 199.00, '2018-04-24 10:54:59', 1, 0, 2, 1);
INSERT INTO `product` VALUES (3, '花花公子春季男士长袖衬衫免烫中青年休闲衬衣潮流男装印花衬衣', '送运费险 放心购物', 288.00, 139.00, '2018-04-24 10:58:08', 2, 0, 0, 0);
INSERT INTO `product` VALUES (4, '人本高帮帆布鞋内增高布鞋高邦高腰单鞋牛仔布系带学院风学生款女', '帆布鞋', 150.00, 75.00, '2018-04-24 11:00:25', 3, 0, 0, 0);
INSERT INTO `product` VALUES (5, '2018新款ins超火短款连帽卫衣女夏春季bf风薄款帽衫潮学生宽松', '潮流卫衣', 108.00, 69.00, '2018-04-24 11:06:45', 1, 0, 1, 0);
INSERT INTO `product` VALUES (6, '花花公子牛仔裤男修身款 秋冬季直筒商务休闲弹力男士牛仔长裤子', '花花公子正品 默认圆通 送运费险', 259.00, 159.00, '2018-04-24 11:08:18', 2, 0, 0, 0);
INSERT INTO `product` VALUES (7, '人本韩版女式低帮百搭帆布鞋系带浅口学生白色小白鞋文艺清新单鞋', '低帮帆布鞋', 169.00, 59.00, '2018-04-24 11:15:40', 3, 0, 0, 0);
INSERT INTO `product` VALUES (8, '花花公子长袖衬衫男士印花翻领薄款商务休闲衬衣中青年秋款男装潮', '潮男焕新 舒适体验 帅气有型 赠运费险', 239.00, 139.00, '2018-04-24 11:16:57', 2, 0, 5, 1);
INSERT INTO `product` VALUES (9, '早春新款韩版宽松长袖卫衣女连帽2018超火ins上衣学生百搭慵懒风', '早春新款宽松连帽卫衣', 142.00, 79.00, '2018-04-24 11:18:19', 1, 0, 5, 0);
INSERT INTO `product` VALUES (10, '花花公子春季卫衣男装圆领套头长袖t恤青年男士简约绣花打底衫潮', '花花公子正品 默认圆通 送运费险', 258.00, 139.00, '2018-04-24 11:22:48', 2, 0, 1, 0);
INSERT INTO `product` VALUES (11, '手绘单鞋韩版学生高帮女童帆布板鞋休闲男女鞋春秋夜光球鞋女', '送运费险 画工细腻 做工精致 穿着舒适', 90.00, 59.80, '2018-04-24 11:27:43', 3, 0, 1, 1);
INSERT INTO `product` VALUES (12, '【明星同款】妖精的口袋ins半袖t恤夏装2018新款圆领纯棉短袖女J=', '【宋佳同款】圆领宽松 趣味大片印花', 179.00, 129.00, '2018-04-24 11:31:17', 1, 0, 0, 0);
INSERT INTO `product` VALUES (13, '韩版潮帆布鞋女 平跟学生板鞋 女鞋 高帮运动鞋牛仔休闲秋鞋子', '韩版潮帆', 139.00, 59.00, '2018-04-24 11:34:30', 3, 0, 3, 0);
INSERT INTO `product` VALUES (14, 'YOVCA手绘情侣鞋平底大码板鞋高帮帆布鞋女鞋男鞋休闲鞋动漫周边', 'YOVCA手绘', 59.00, 59.00, '2018-04-24 11:38:17', 3, 0, 3, 1);
INSERT INTO `product` VALUES (15, '逸阳女裤2018新款夏季牛仔裤女毛边显瘦弹力铅笔小脚裤九分裤2015', '小脚睫毛裤脚 时尚磨白 隐藏美人心机', 159.00, 159.00, '2018-04-24 11:39:50', 1, 0, 2, 1);
INSERT INTO `product` VALUES (16, '花花公子男士短袖衬衫条纹修身商务休闲青年免烫短袖衬衣男寸衫潮', '花花公子正品 默认圆通 送运费险', 239.00, 139.00, '2018-04-24 11:43:28', 2, 0, 1, 1);
INSERT INTO `product` VALUES (17, '春季韩版原宿学生帆布鞋女港风板鞋平底运动鞋情侣休闲鞋软妹鞋潮', '涂鸦不规则 韩版潮鞋 个性板鞋', 228.00, 68.00, '2018-04-24 11:44:15', 3, 0, 6, 0);
INSERT INTO `product` VALUES (18, 'Koradior/珂莱蒂尔品牌女装2018春装新款碎花高腰雪纺v领连衣裙女', '碎花短袖 雪纺v领连衣裙', 1887.00, 1136.00, '2018-04-24 11:47:27', 1, 0, 1, 0);
INSERT INTO `product` VALUES (19, '热风2017春新款小白鞋女低帮鞋系带时尚女休闲鞋H14W7110', '支持30天退换货 （不影响二次销售情况下）', 129.00, 99.00, '2018-04-24 11:50:06', 3, 0, 0, 0);
INSERT INTO `product` VALUES (20, '七匹狼短袖衬衫 2018夏季新款男士中青年纯色商务休闲白衬衣男装', '纯色百搭款', 379.00, 199.00, '2018-04-24 11:53:05', 2, 0, 9, 0);
INSERT INTO `product` VALUES (21, '2018新款运动服套装女装潮韩版时尚春秋季大码衣服休闲卫衣两件套', '关注店铺送10元无门槛 领券下单立减', 298.00, 139.00, '2018-04-24 11:54:29', 1, 0, 2, 0);
INSERT INTO `product` VALUES (22, 'CHARLES＆KEITH春夏单鞋女CK1-60900081通勤尖头浅口猫跟小白鞋', '优雅猫跟 气质尖头', 339.00, 329.00, '2018-04-24 11:55:24', 3, 0, 0, 0);
INSERT INTO `product` VALUES (23, '运动套装女夏装2018新款潮时尚女装短袖七分裤两件套夏天休闲衣服', '不起球 不掉色 30天无理由退换货', 198.00, 138.00, '2018-04-24 11:59:36', 1, 0, 2, 1);
INSERT INTO `product` VALUES (24, 'CHARLES＆KEITH平底单鞋女CK1-70900076芭蕾舞绑带穆勒尖头小白鞋', '优雅绑带装饰', 339.00, 329.00, '2018-04-24 12:01:09', 3, 0, 3, 0);
INSERT INTO `product` VALUES (25, '菲西娅阔腿裤套装女2018春装新款女装针织衫时尚休闲两件套潮夏季', '潮流套装', 755.00, 528.00, '2018-04-24 12:04:55', 1, 0, 5, 1);
INSERT INTO `product` VALUES (26, '男士白衬衫短袖修身韩版潮流帅气2018新款夏季休闲百搭印花衬衣男', '收藏有惊喜 赠运费险 长袖短袖随心选', 155.00, 89.00, '2018-04-24 12:07:01', 2, 0, 7, 1);
INSERT INTO `product` VALUES (27, 'Nike 耐克官方NIKE FREE METCON 男子训练鞋AH8141', '专为体能训练 和力量训练打造', 899.00, 899.00, '2018-04-24 12:09:12', 3, 0, 8, 1);
INSERT INTO `product` VALUES (28, 'SELECTED思莱德纯棉简约立领男士长款防风风衣外套BL|417121501', '7天退差价 防风按扣 斜拉链门襟', 999.00, 399.60, '2018-04-24 12:11:56', 2, 0, 2, 1);
INSERT INTO `product` VALUES (29, '茵曼旗舰店纯棉长袖衬衫曼茵2018春装新款印花衬衣女上衣女装寸衫', '舒适亲肤新疆纯棉 少女水杯印花图案', 599.00, 169.00, '2018-04-24 12:12:26', 1, 0, 1, 0);
INSERT INTO `product` VALUES (30, 'Nike 耐克官方 NIKE FLEX ESSENTIAL TR女子训练鞋 924344', '轻盈支撑', 469.00, 469.00, '2018-04-24 12:16:27', 3, 0, 16, 5);
INSERT INTO `product` VALUES (31, '针织衫女开衫2018春装新款宽松韩版中长款2017秋装学生毛衣外套潮', '简约口袋设计 中长款版型毛衣外套', 228.00, 118.00, '2018-04-24 12:17:44', 1, 0, 11, 2);
INSERT INTO `product` VALUES (32, '衣品天成男士短袖T恤夏季男装半袖衣服潮流韩版修身纯棉圆领体恤', '潮流韩版 字母短袖t恤男士', 208.00, 78.00, '2018-04-24 12:20:19', 2, 0, 6, 0);
INSERT INTO `product` VALUES (33, '衣品天成2018夏季新款t恤男士短袖圆领纯色纯棉潮流韩版半袖体恤', '圆领半袖 体恤男士', 208.00, 78.90, '2018-04-24 12:25:03', 2, 0, 7, 1);
INSERT INTO `product` VALUES (34, '白色T恤女短袖蕾丝上衣棉立方2018夏新款女装修身韩版圆领雪纺衫', '绣花公主袖 甜美荷叶边', 125.00, 59.00, '2018-04-24 12:25:07', 1, 0, 7, 1);
INSERT INTO `product` VALUES (35, '衣品天成2018新款男士T恤潮流夏季印花半截袖青年韩版短袖体恤', '胸口个性印花装饰 时髦双色任你选', 100.00, 79.90, '2018-04-24 12:29:55', 2, 0, 6, 0);
INSERT INTO `product` VALUES (36, '润乙一夏装2018新款女雪纺衫上衣超仙甜美碎花V领荷叶chic一字肩', '新款女雪纺衫', 268.00, 139.00, '2018-04-24 12:30:53', 1, 0, 7, 0);
INSERT INTO `product` VALUES (37, '衣品天成2018夏季新款男士短袖T恤潮韩版假两件体恤早春打底小衫', '胸口个性字母印花 袖口个性撞色 假两件', 238.00, 79.90, '2018-04-24 12:37:42', 2, 0, 2, 1);
INSERT INTO `product` VALUES (38, '短袖女2018新款夏装纯棉T恤女白色韩范宽松学生ulzzang百搭半袖女', '纯棉面料 两件可以领优惠卷10元', 98.00, 35.00, '2018-04-24 12:40:09', 1, 0, 10, 1);
INSERT INTO `product` VALUES (39, 'GXG男装 2018夏季新品时尚胶印黑色休闲短裤男五分裤#182822204', '个性胶印设计 腰间抽绳', 429.00, 259.00, '2018-04-24 12:46:01', 2, 0, 6, 1);
INSERT INTO `product` VALUES (40, '宽松短袖t恤女简约夏季印花ulzzang百搭2018新款黄色学生大码上衣', '1件49.9 2件69.9', 158.00, 69.90, '2018-04-24 12:49:01', 1, 0, 7, 0);
INSERT INTO `product` VALUES (41, '小猪佩奇社会人佩琪短袖t恤成人衣服恶搞联名抖音潮牌tee男女半袖', '小猪佩奇', 198.00, 49.00, '2018-04-24 12:54:41', 1, 0, 121, 8);
INSERT INTO `product` VALUES (42, '【2018年生肖纪念版】OPPO R11S 全面屏 拍照4G手机 oppor11s', '直降200元 6期免息', 2799.00, 2599.00, '2018-04-28 14:11:44', 6, 2, 1024, 18);
INSERT INTO `product` VALUES (43, '赵薇酒庄梦陇法国红酒原装进口干红葡萄酒2支装波尔多绝代双骄III', '领券立减20元', 496.00, 288.00, '2018-04-28 14:19:30', 8, 2, 10, 1);
INSERT INTO `product` VALUES (44, 'Xiaomi/小米 红米5A新品老人机拍照官网4a升级款小巧简约智能手机', '4.27-5.1 2+16G直降30元', 599.00, 569.00, '2018-04-28 14:54:52', 6, 2, 68, 2);
INSERT INTO `product` VALUES (45, '【渐变樱粉金热卖中】Huawei/华为 P20 全面屏徕卡双摄正品4G手机', '旗舰新品 新一代徕卡双摄 AI摄影大师', 4288.00, 4088.00, '2018-04-28 15:00:28', 6, 2, 6, 1);
INSERT INTO `product` VALUES (46, '360扫地机器人家用全自动吸尘器智能超薄静音拖地机擦地一体机', '黑色新品首发 领券直降200 抢豪礼', 2499.00, 1599.00, '2018-04-28 15:53:35', 10, 2, 17, 1);
INSERT INTO `product` VALUES (47, '【领券低至919】Meizu/魅族 魅蓝 Note6 疾速双摄 快充大电池', '满1299元领券 立减150元', 999.00, 999.00, '2018-04-28 16:08:27', 6, 2, 56, 0);
INSERT INTO `product` VALUES (48, '【母亲节】雅诗兰黛小棕瓶眼霜 肌透修护眼部精华霜15ml 淡化细纹', '小棕瓶眼霜 多效修护 年轻睛采乍现', 490.00, 490.00, '2018-04-28 16:17:43', 4, 0, 2, 1);
INSERT INTO `product` VALUES (49, '娇韵诗隔离 清透防晒乳SPF30PA++++（粉色）30ml透亮', '物理防晒 自然透亮 清透无压力', 420.00, 420.00, '2018-04-28 16:24:55', 4, 0, 0, 0);
INSERT INTO `product` VALUES (50, '娇韵诗V脸精华塑颜紧致精华露50ml双支套装 提拉小脸', '双支立减250元', 990.00, 990.00, '2018-04-28 16:30:12', 4, 0, 0, 0);
INSERT INTO `product` VALUES (51, '娇韵诗青春赋活分龄精华水200ml 补水保湿定制年轻抗皱滋润修护', '活力光泽 肌肤吹弹可破 增强肌肤弹性', 360.00, 360.00, '2018-04-28 16:36:11', 4, 0, 0, 0);
INSERT INTO `product` VALUES (52, '娇韵诗全明星眼霜15ml淡化细纹 提拉紧致舒缓眼肌肤', '一步修护多重问题 提拉眼角 改善眼袋', 500.00, 500.00, '2018-04-28 16:39:27', 4, 0, 0, 0);
INSERT INTO `product` VALUES (53, '娇韵诗孕产准妈妈护理套装预防淡化修护身体纹提拉紧致', '美肌套装 预防淡化身体纹路', 1090.00, 1090.00, '2018-04-28 16:42:55', 4, 0, 1, 0);
INSERT INTO `product` VALUES (54, '娇韵诗恒润奇肌保湿凝露50ml持久补水缓解干燥面霜', '卓效滋养 细腻柔滑', 470.00, 470.00, '2018-04-28 16:47:13', 4, 0, 0, 0);
INSERT INTO `product` VALUES (55, 'IPSA茵芙莎三色遮瑕膏 遮盖脸部痘印痘痘斑点雀斑黑眼圈遮瑕盘', '全新升级 瑕疵隐形', 290.00, 290.00, '2018-04-28 16:54:57', 4, 0, 0, 0);
INSERT INTO `product` VALUES (56, 'IPSA茵芙莎蓝瘦子防晒霜 水润倍护防晒日乳EX 面部隔离防紫外线女', '双重倍护', 280.00, 280.00, '2018-04-28 16:57:30', 4, 0, 0, 0);
INSERT INTO `product` VALUES (57, 'IPSA茵芙莎洗面奶 舒缓净润洁面乳 温和清洁脆弱修护保湿女男日本', '温和洁净 舒缓修护', 230.00, 230.00, '2018-04-28 17:00:22', 4, 0, 0, 0);
INSERT INTO `product` VALUES (58, 'IPSA茵芙莎水乳套装UL 流金水自律循环美肌液护肤品套装 林允同款', '臻享2件礼', 1200.00, 1200.00, '2018-04-28 17:05:44', 4, 0, 0, 0);
INSERT INTO `product` VALUES (59, '雅诗兰黛大牌洗面奶红石榴泡沫洁面乳125ml清洁保湿', '一支双效 透亮肌肤', 280.00, 280.00, '2018-04-28 17:46:37', 4, 0, 0, 0);
INSERT INTO `product` VALUES (60, '【母亲节】雅诗兰黛眼霜 小棕瓶密集修护眼精华 紧致修护淡化细纹', '密集修护 创新支撑科技 淡化熊猫眼', 590.00, 590.00, '2018-04-28 17:52:17', 4, 0, 1, 0);
INSERT INTO `product` VALUES (61, '雅诗兰黛面膜 小棕瓶密集修护肌透面膜贴4/8片装套装 补水保湿', '内外双膜深修护 肌肤晶莹剔透', 1190.00, 680.00, '2018-04-28 17:56:18', 4, 0, 2, 0);
INSERT INTO `product` VALUES (62, '雅诗兰黛红石榴眼霜 鲜活亮采眼部凝露 保湿提亮 淡化熊猫眼', '排浊提亮 淡化熊猫眼', 350.00, 350.00, '2018-04-28 18:00:00', 4, 0, 1, 0);
INSERT INTO `product` VALUES (63, '男士洗发水沐浴露套装古龙香味持久留香去屑止痒洗头膏液洗浴套装', '部分地区次日到达', 158.00, 44.90, '2018-04-28 18:05:39', 4, 0, 1, 0);
INSERT INTO `product` VALUES (64, '海飞丝鹿晗洗发水丝质柔滑去屑止痒洗头露膏套装男女士500ml*3', '随机抢旅行装', 198.50, 109.00, '2018-04-28 18:09:46', 4, 0, 6, 0);
INSERT INTO `product` VALUES (65, '睿嫣润膏舒盈洗发水250ml女士coco香水洗护合一持久留香韩国进口', '润泽秀发 洗护2合1香水洗发水', 99.00, 59.00, '2018-04-28 18:15:26', 4, 0, 0, 0);
INSERT INTO `product` VALUES (66, '乔治卡罗尔男士洗发水沐浴露套装控油去屑持久留香味洗头膏露洗浴', '买1送2 收藏送香水 加购送洗面奶', 159.00, 59.90, '2018-04-28 18:19:02', 4, 0, 2, 0);
INSERT INTO `product` VALUES (67, '清扬洗发水露男士活力运动薄荷控油去屑滋养官方正品套装500g*3', '专为男士设计 从根源解决头屑烦恼', 209.40, 109.00, '2018-04-28 18:23:19', 4, 0, 1, 0);
INSERT INTO `product` VALUES (68, 'Danielwellington丹尼尔惠灵顿DW金属表带女生简约时尚石英腕表', '全新系列 金属表带 2年保修 瑞典品牌', 1190.00, 1190.00, '2018-04-28 18:34:32', 5, 0, 2, 1);
INSERT INTO `product` VALUES (69, 'DanielWellington丹尼尔惠灵顿DW黑手表织纹带男表黑表盘', '瑞典品牌 顺丰包邮 2年保修 进口腕表', 1350.00, 1350.00, '2018-04-28 18:40:53', 5, 0, 0, 0);
INSERT INTO `product` VALUES (70, '【直营】ARMANI/阿玛尼手表女气质名媛时尚优雅镶钻石英表AR1925', '欧美时尚 气质经典 优雅潮流', 2059.00, 1799.00, '2018-04-28 18:46:03', 5, 0, 2, 1);
INSERT INTO `product` VALUES (71, '【直营】香港直邮天梭力洛克系列全自动机械男表正品', '香港直邮 正品保证', 2609.00, 2559.00, '2018-04-28 18:51:12', 5, 0, 4, 1);
INSERT INTO `product` VALUES (72, '分期购 瑞士天梭Tissot 男表石英表T033.410.11.053.01钢带手表男', '全球联保 天猫八年老店 正品保证 顺丰', 1750.00, 1118.00, '2018-04-28 18:56:16', 5, 0, 0, 0);
INSERT INTO `product` VALUES (73, '新款罗西尼手表男潮自动机械男表 正品防水皮带时尚男士表616725', '澎湃海蓝 品质非凡 进口机芯 精准可靠', 3800.00, 1399.00, '2018-04-28 19:01:40', 5, 0, 0, 0);
INSERT INTO `product` VALUES (74, '仲尼Johnny同款 天王表男表自动机械表皮带日历休闲腕表GS5956', '12期分期免息 评价晒图有礼', 1599.00, 1599.00, '2018-04-28 19:06:15', 5, 0, 0, 0);
INSERT INTO `product` VALUES (75, '海鸥手表男士皮带腕表时尚多功能镂空防水男表自动机械表219.328', '七天无理由 飞轮表', 3400.00, 1480.00, '2018-04-28 19:09:48', 5, 0, 1, 0);
INSERT INTO `product` VALUES (76, 'G-SHOCK旗舰店官网DW-5600BB卡西欧运动防水男士手表方块gshock', '复古运动表', 790.00, 790.00, '2018-04-28 19:16:19', 5, 0, 0, 0);
INSERT INTO `product` VALUES (77, 'casio卡西欧G-SHOCK旗舰店官网GA-700运动男士电子手表男表gshock', '防震防磁 200米防水 LED照明', 990.00, 990.00, '2018-04-28 19:21:11', 5, 0, 5, 0);
INSERT INTO `product` VALUES (78, '卡西欧CASIO手表男士正品防水精钢带MTP-1374D-7A三眼休闲石英表', '商务休闲 下单即送表带一条', 598.00, 298.00, '2018-04-28 19:25:43', 5, 0, 2, 0);
INSERT INTO `product` VALUES (79, 'CASIO卡西欧G-SHOCK旗舰店官网DW-5035运动男士手表男表Gshock', '5035运动男士 手表男表', 1190.00, 1190.00, '2018-04-28 19:29:47', 5, 0, 1, 0);
INSERT INTO `product` VALUES (80, 'SUUNTO颂拓松拓斯巴达极速光电心率运动骑行跑步智能腕表户外手表', '光电心率 触摸彩屏', 4290.00, 4089.00, '2018-04-28 19:36:29', 5, 0, 1, 0);
INSERT INTO `product` VALUES (81, '军拓铁腕5心率监测GPS户外功能运动导航智能手表铁人三项马拉松表', '权威授时 15天误差小于1秒 双星定位', 2999.00, 2999.00, '2018-04-28 19:40:47', 5, 0, 1, 0);
INSERT INTO `product` VALUES (82, 'PANDORA潘多拉 华丽蝴蝶结手链925银手链597242CZ气质时尚简约女', '官方直售 正品保证 新品上市', 598.00, 598.00, '2018-04-28 19:45:55', 5, 0, 0, 0);
INSERT INTO `product` VALUES (83, '施华洛世奇DUO恶魔之眼项链时尚气质女短款锁骨链首饰', '官方直售 全国专柜联保', 990.00, 990.00, '2018-04-28 19:53:43', 5, 0, 8, 0);
INSERT INTO `product` VALUES (84, 'BOLON暴龙2018新款复古蛤蟆镜男金属框太阳镜革新墨镜眼镜BL7021', '2018新款 BL7021', 798.00, 668.00, '2018-04-28 20:01:35', 5, 0, 1, 1);
INSERT INTO `product` VALUES (85, 'beta', '11', 11.00, 11.00, '2018-05-25 14:30:17', 16, 1, 0, 0);
INSERT INTO `product` VALUES (86, '测试', '测试标题', 19.00, 15.00, '2018-05-25 17:35:32', 1, 1, 0, 0);
INSERT INTO `product` VALUES (87, '测试3', '测试', 12.00, 10.00, '2018-05-26 16:02:33', 1, 1, 0, 0);
INSERT INTO `product` VALUES (88, '测试4', '测试', 15.00, 10.00, '2018-05-26 16:45:41', 1, 1, 0, 0);
INSERT INTO `product` VALUES (89, '测试', '测试', 1.00, 1.00, '2018-05-23 14:00:16', 1, 1, 0, 0);

-- ----------------------------
-- Table structure for productimage
-- ----------------------------
DROP TABLE IF EXISTS `productimage`;
CREATE TABLE `productimage`  (
  `productimage_id` int(10) NOT NULL AUTO_INCREMENT,
  `productimage_type` tinyint(1) UNSIGNED NOT NULL,
  `productimage_src` varchar(255) CHARACTER SET utf8 COLLATE utf8_general_ci NOT NULL,
  `productimage_product_id` int(10) NOT NULL,
  PRIMARY KEY (`productimage_id`) USING BTREE,
  INDEX `productimage_product_id`(`productimage_product_id`) USING BTREE,
  CONSTRAINT `productimage_ibfk_1` FOREIGN KEY (`productimage_product_id`) REFERENCES `product` (`product_id`) ON DELETE CASCADE ON UPDATE RESTRICT
) ENGINE = InnoDB AUTO_INCREMENT = 1037 CHARACTER SET = utf8 COLLATE = utf8_general_ci ROW_FORMAT = Dynamic;

-- ----------------------------
-- Records of productimage
-- ----------------------------
INSERT INTO `productimage` VALUES (1, 0, 'e95d4a9d-ebe9-4f12-975b-2e94e98aa2ef.jpg', 1);
INSERT INTO `productimage` VALUES (2, 0, '643b7e4a-cbaf-444d-afca-ebd4654a775e.jpg', 1);
INSERT INTO `productimage` VALUES (3, 0, '55665514-1521-4092-b6c0-af4425a4b82c.jpg', 1);
INSERT INTO `productimage` VALUES (4, 0, '70fc3539-4b80-49b0-a4d9-85835ad4c044.jpg', 1);
INSERT INTO `productimage` VALUES (5, 0, '8d448648-97d0-4993-9ffc-39cce4bde798.jpg', 1);
INSERT INTO `productimage` VALUES (6, 1, '0ab6b478-c0f6-434d-86f6-3ce0c7c5f6d3.jpg', 1);
INSERT INTO `productimage` VALUES (7, 1, '5d01b06e-08bd-41b3-99e9-f8b4a46eb489.jpg', 1);
INSERT INTO `productimage` VALUES (8, 1, 'dbd51c92-3497-4d33-9cd6-ffd7e6cc8a9f.jpg', 1);
INSERT INTO `productimage` VALUES (9, 1, 'ce6af876-95b4-4f15-a314-3949411ed3fc.jpg', 1);
INSERT INTO `productimage` VALUES (10, 1, '39ee0ad3-8f20-45aa-a2d8-6c4e168e52b0.jpg', 1);
INSERT INTO `productimage` VALUES (11, 1, '90fd93cb-9d19-4f21-8a40-aace56c57161.jpg', 1);
INSERT INTO `productimage` VALUES (12, 1, 'd313974c-f06b-4e9e-aa17-cc443f5a27e8.jpg', 1);
INSERT INTO `productimage` VALUES (13, 1, '42f1b1d7-9193-42c6-8265-803bb0ad8676.jpg', 1);
INSERT INTO `productimage` VALUES (14, 0, '3d84ae79-2fb1-440a-992a-ac1da5197ade.jpg', 2);
INSERT INTO `productimage` VALUES (15, 0, '93e7e2bd-bc63-4d8c-8b8e-05bd0911e6c7.jpg', 2);
INSERT INTO `productimage` VALUES (16, 0, '494081e5-fdca-4af6-bf4d-c6854c0ee02d.jpg', 2);
INSERT INTO `productimage` VALUES (17, 0, 'a7669250-a81e-4d35-a299-e594e3ba2ec9.jpg', 2);
INSERT INTO `productimage` VALUES (18, 0, 'b40f7925-1565-4265-84c2-1af749904f2e.jpg', 2);
INSERT INTO `productimage` VALUES (19, 1, '10b330cd-1b67-4406-a671-b7c0a27e40e1.png', 2);
INSERT INTO `productimage` VALUES (20, 1, 'e237c277-0fed-490e-b6be-bcf7bd43444c.png', 2);
INSERT INTO `productimage` VALUES (21, 1, 'e7b51c77-c51b-4de5-bc39-3ab1d186ec9c.jpg', 2);
INSERT INTO `productimage` VALUES (22, 1, 'ce262095-b1d6-4998-a563-5408f01c80a1.png', 2);
INSERT INTO `productimage` VALUES (23, 1, '43441bbd-2ef7-4cca-9547-a8fe5c0d9130.png', 2);
INSERT INTO `productimage` VALUES (24, 1, 'ec75fb80-c0c1-4bf8-ad9c-5f79a6b6590a.png', 2);
INSERT INTO `productimage` VALUES (25, 0, '3b62eab7-7b4c-46ed-84d3-6802a060c894.jpg', 3);
INSERT INTO `productimage` VALUES (26, 0, '78d16083-7394-43ef-96c8-6c3388b4d4dd.jpg', 3);
INSERT INTO `productimage` VALUES (27, 0, 'c992fedf-e463-4d04-b5ca-cf12b68bd9e5.jpg', 3);
INSERT INTO `productimage` VALUES (28, 0, 'b5b509d4-dd84-4a52-b571-d93b548db6b1.jpg', 3);
INSERT INTO `productimage` VALUES (29, 0, 'd0b2f6fc-6f9b-407d-afe9-bf2a4e7db1b8.jpg', 3);
INSERT INTO `productimage` VALUES (30, 1, '3565cc1d-b112-4e82-8650-d05494ad34d2.jpg', 3);
INSERT INTO `productimage` VALUES (31, 1, 'e929b67b-aab2-4205-93d0-8063a995deb6.jpg', 3);
INSERT INTO `productimage` VALUES (32, 1, '6d6981eb-8dc0-4499-8cf9-fbd1aba38c81.jpg', 3);
INSERT INTO `productimage` VALUES (33, 1, 'c068b2bf-84a4-44e9-8c64-673f548294e2.jpg', 3);
INSERT INTO `productimage` VALUES (34, 1, 'b3245733-5f6b-4b30-81e6-dd3a6ec4b668.jpg', 3);
INSERT INTO `productimage` VALUES (35, 1, 'a3025b91-2dea-4b15-8ede-9469df581b54.jpg', 3);
INSERT INTO `productimage` VALUES (36, 1, '3da4621a-50f8-4eb1-a34b-8dd6bb146a3e.jpg', 3);
INSERT INTO `productimage` VALUES (37, 0, '8bf384c1-64fc-40fc-bd8b-7b3f9d8a4682.jpg', 4);
INSERT INTO `productimage` VALUES (38, 0, '39b8a8c7-d640-4c72-9646-cfd09761c2ad.jpg', 4);
INSERT INTO `productimage` VALUES (39, 0, '0da6a251-014b-4ef7-ae6d-5924fa2aca84.jpg', 4);
INSERT INTO `productimage` VALUES (40, 0, 'b88076ed-1f80-492e-84d4-3177abde0311.jpg', 4);
INSERT INTO `productimage` VALUES (41, 0, 'b49721a3-6dbd-423d-8c98-79871886f6c6.jpg', 4);
INSERT INTO `productimage` VALUES (42, 1, '8e027a2e-4fe7-4d73-9f73-1b687964953e.jpg', 4);
INSERT INTO `productimage` VALUES (43, 1, 'e7570e9c-a3fc-47a2-adf1-8e2f8764004d.jpg', 4);
INSERT INTO `productimage` VALUES (44, 1, '2c7c00ea-30bc-43eb-b794-021cb4f651da.jpg', 4);
INSERT INTO `productimage` VALUES (45, 1, '22e58f15-cf34-4e95-8a1e-e9bffb94ebd4.jpg', 4);
INSERT INTO `productimage` VALUES (46, 1, '8bc3a05a-8807-4129-85ff-d54e4cecee4e.jpg', 4);
INSERT INTO `productimage` VALUES (47, 1, 'e38fefeb-3dbd-4d61-b310-2ebb75cf42c0.jpg', 4);
INSERT INTO `productimage` VALUES (48, 1, 'bb8a2a37-3cad-4365-8f3d-5b9dec502b13.jpg', 4);
INSERT INTO `productimage` VALUES (49, 1, '1f353780-63b4-4a05-9332-680fa7735389.jpg', 4);
INSERT INTO `productimage` VALUES (50, 0, 'f053c7f0-40e0-40fd-a05f-70ce99a4c3e6.jpg', 5);
INSERT INTO `productimage` VALUES (51, 0, 'd6c22950-ec58-4b77-ac04-b3d5d1b9f7a1.jpg', 5);
INSERT INTO `productimage` VALUES (52, 0, '2914710c-6f89-49ce-a0ae-abfce14ae2a5.jpg', 5);
INSERT INTO `productimage` VALUES (53, 0, 'b0fb6d5e-45cd-4f9e-9439-28cefa26febf.jpg', 5);
INSERT INTO `productimage` VALUES (54, 0, '8593c890-8d26-43ba-a740-b4a981b1bc5f.jpg', 5);
INSERT INTO `productimage` VALUES (55, 1, '0ebf7dca-e63c-40a6-8b1b-da60d7e9890d.jpg', 5);
INSERT INTO `productimage` VALUES (56, 1, '3232ee3f-6ac5-42b0-aacc-496160b50ded.jpg', 5);
INSERT INTO `productimage` VALUES (57, 1, '76afcd66-1d05-432b-b0d0-f4eded92abfd.jpg', 6);
INSERT INTO `productimage` VALUES (58, 0, 'df9ba1ed-3034-42b3-bbf1-2e2df842cebd.jpg', 7);
INSERT INTO `productimage` VALUES (59, 0, '33be3c70-5b8b-4c35-a68f-257256a9595f.jpg', 7);
INSERT INTO `productimage` VALUES (60, 0, '6479b04b-832e-4e4f-a89d-af92911ecc2d.jpg', 7);
INSERT INTO `productimage` VALUES (61, 0, '9028c936-b290-43be-9676-decb3cc611c7.jpg', 7);
INSERT INTO `productimage` VALUES (62, 0, '6034ace3-88ab-4ede-986d-673c1ea05b13.jpg', 7);
INSERT INTO `productimage` VALUES (63, 1, 'bd90d988-ca06-496c-9958-9534b2af0b26.jpg', 7);
INSERT INTO `productimage` VALUES (64, 1, '2c94716f-ee9f-4c49-863e-7c5860e47696.jpg', 7);
INSERT INTO `productimage` VALUES (65, 1, '5b65c994-ed78-4dc2-a155-ca0f2b246569.jpg', 7);
INSERT INTO `productimage` VALUES (66, 1, '46e309d4-bdbb-4399-af24-ddd023740f32.jpg', 7);
INSERT INTO `productimage` VALUES (67, 1, '891440fa-4eec-4851-843a-e87decff7ff8.jpg', 7);
INSERT INTO `productimage` VALUES (68, 1, '624abc69-cdba-46a0-9ee9-3676b9b2c412.jpg', 7);
INSERT INTO `productimage` VALUES (69, 1, 'beb0a9de-4bfa-4822-a7cb-f758122b354f.jpg', 7);
INSERT INTO `productimage` VALUES (70, 1, '3503d3c7-5144-4eef-8633-f4b9d612ce3b.jpg', 7);
INSERT INTO `productimage` VALUES (71, 1, 'e501bdba-4300-49f3-87bd-7e12d559a561.jpg', 8);
INSERT INTO `productimage` VALUES (72, 1, '6bbdd0b4-d369-4a7d-85a7-5b1698116018.jpg', 8);
INSERT INTO `productimage` VALUES (73, 1, 'bf2247b3-934c-4095-8293-d52553fbd00e.jpg', 8);
INSERT INTO `productimage` VALUES (74, 1, '595b90ee-7086-4b8f-9483-beb6593f2b2a.jpg', 8);
INSERT INTO `productimage` VALUES (75, 1, '4863af51-71e0-4797-8050-88cc8f2f95e7.jpg', 8);
INSERT INTO `productimage` VALUES (76, 1, '9f0d8cd6-cd61-4d15-8b9d-9113cd111169.jpg', 8);
INSERT INTO `productimage` VALUES (77, 1, '985cebdb-280e-4a83-86c6-f598228c7eda.jpg', 8);
INSERT INTO `productimage` VALUES (78, 1, '8fafe6a6-8c9e-49ff-9d88-856b38547ff1.jpg', 8);
INSERT INTO `productimage` VALUES (79, 0, '97d150c7-5cd1-4f34-a1d0-bca7b286f88b.jpg', 9);
INSERT INTO `productimage` VALUES (80, 0, '5f22b6b0-619d-4325-bbe7-9579e3a3d367.jpg', 9);
INSERT INTO `productimage` VALUES (81, 0, '5fffa28b-0e48-4864-9c92-e94205ab4b69.jpg', 9);
INSERT INTO `productimage` VALUES (82, 0, 'b940a875-6c0f-4088-bd02-8d26ddb307fe.jpg', 9);
INSERT INTO `productimage` VALUES (83, 0, '3fd69cb1-39fb-4d7f-98b9-e924538c744a.jpg', 9);
INSERT INTO `productimage` VALUES (84, 1, '4d8b85c8-fb6b-4c33-997d-c09346d7eb93.jpg', 9);
INSERT INTO `productimage` VALUES (85, 1, '3ee6603e-2543-427d-b1bb-3a28491716fd.jpg', 9);
INSERT INTO `productimage` VALUES (86, 1, 'cf9628a4-87a4-4a68-9993-4f09d556c1c6.jpg', 9);
INSERT INTO `productimage` VALUES (87, 1, '45904d26-8189-4a3a-8686-9dc6c06ec930.jpg', 9);
INSERT INTO `productimage` VALUES (88, 1, '6a6fa4dc-8197-400f-8242-8d94280af06c.jpg', 9);
INSERT INTO `productimage` VALUES (89, 1, '16189d6e-15aa-4143-ad7f-8748113a5c6b.jpg', 9);
INSERT INTO `productimage` VALUES (90, 1, '3df3bfa7-e4a4-4e82-b404-a541e51e7529.jpg', 10);
INSERT INTO `productimage` VALUES (91, 1, '968e6c63-fd30-49fb-b612-3ec98224c031.jpg', 10);
INSERT INTO `productimage` VALUES (92, 1, 'b26788c4-724b-4e2b-815b-cbfb0a2367b2.jpg', 10);
INSERT INTO `productimage` VALUES (93, 1, 'e4a85107-a639-400d-9b81-cfad63825ce6.png', 10);
INSERT INTO `productimage` VALUES (94, 1, '3851377d-8765-4ce6-a112-736b92eac393.jpg', 6);
INSERT INTO `productimage` VALUES (95, 1, '4497b507-7b16-49d3-8f7d-4672a20af2be.jpg', 11);
INSERT INTO `productimage` VALUES (96, 1, 'accf159c-2be6-4585-a7c7-fc3e18468927.jpg', 11);
INSERT INTO `productimage` VALUES (97, 1, '3e4c8e00-3a16-497c-b848-17452beeedd8.jpg', 11);
INSERT INTO `productimage` VALUES (98, 1, 'f6b25b30-c28f-4dc3-ad2e-c1bc1945f95c.jpg', 11);
INSERT INTO `productimage` VALUES (99, 1, 'ec1982af-6d8a-45b9-bf97-1b5946d055a3.jpg', 11);
INSERT INTO `productimage` VALUES (100, 1, '5e8d6afa-6a3b-4679-813f-9e0762e024c4.jpg', 11);
INSERT INTO `productimage` VALUES (101, 1, '49c35ef0-4462-4c96-a4a2-ceff00439e8c.jpg', 11);
INSERT INTO `productimage` VALUES (102, 1, 'e1ccda7e-9e7c-4f0b-9f91-0f2bbb7110c9.jpg', 11);
INSERT INTO `productimage` VALUES (103, 0, 'c8158a63-077a-4e5e-b131-827da01b500e.jpg', 12);
INSERT INTO `productimage` VALUES (104, 0, '9848d751-7059-4c29-99e0-018409f394d3.jpg', 12);
INSERT INTO `productimage` VALUES (105, 0, '45b2ec48-c6a8-4a94-9d94-0e47bf44bedd.jpg', 12);
INSERT INTO `productimage` VALUES (106, 0, 'b6627341-1349-4fa8-90dc-b71230e0a733.jpg', 12);
INSERT INTO `productimage` VALUES (107, 0, '1a76bd3d-32de-4da2-8d88-6f781c579a69.jpg', 12);
INSERT INTO `productimage` VALUES (108, 1, '269d7db3-b1c1-4dc5-8a8c-eebe28359068.jpg', 12);
INSERT INTO `productimage` VALUES (109, 1, '9eac2435-fae5-4f3b-81dc-6422e40ebb87.jpg', 12);
INSERT INTO `productimage` VALUES (110, 1, '18d1ccdf-f1ec-4be5-86b6-22d971027ea9.jpg', 12);
INSERT INTO `productimage` VALUES (111, 1, '5feb5928-c519-4a89-85a6-b05953236726.jpg', 12);
INSERT INTO `productimage` VALUES (112, 0, '8941cca2-d043-4df8-903c-4268f806e935.jpg', 13);
INSERT INTO `productimage` VALUES (113, 0, '6b83e7d9-39f8-4751-8e2a-72559ac43d18.jpg', 13);
INSERT INTO `productimage` VALUES (114, 0, 'a68958da-acac-434a-8704-494c5cd2d9aa.jpg', 13);
INSERT INTO `productimage` VALUES (115, 0, '9d7bf113-0f5b-4a30-b4fb-f372f248f885.jpg', 13);
INSERT INTO `productimage` VALUES (116, 0, '2c6b8578-09a6-4d99-a397-d520a5bd8e47.jpg', 13);
INSERT INTO `productimage` VALUES (117, 1, '30111e1b-57b6-42c4-860e-9db829ace29f.jpg', 13);
INSERT INTO `productimage` VALUES (118, 1, 'e5887512-6d53-47ce-8f12-c155e96198fa.jpg', 13);
INSERT INTO `productimage` VALUES (119, 1, '89a97b9e-9f17-41a7-97a6-fab83ffd5c99.jpg', 13);
INSERT INTO `productimage` VALUES (120, 1, '39323b3f-54a0-4bc8-a0c9-b5654c23a134.jpg', 13);
INSERT INTO `productimage` VALUES (121, 1, '3cab0080-1ac3-4c2e-9dc4-7a4ae30b7cd0.jpg', 13);
INSERT INTO `productimage` VALUES (122, 1, '44baba1b-7792-47d5-bc1d-dfa2fa55e2d2.jpg', 13);
INSERT INTO `productimage` VALUES (123, 1, '76039ccd-5904-479e-a87f-838017555670.jpg', 13);
INSERT INTO `productimage` VALUES (124, 1, '2d51eacb-4ef8-461d-9d99-34934ff5479d.jpg', 13);
INSERT INTO `productimage` VALUES (125, 1, '2af230d0-0046-4c37-b970-9547656af45c.jpg', 14);
INSERT INTO `productimage` VALUES (126, 1, '7818b9ca-dd98-44e3-acd0-82310b49d8dc.jpg', 14);
INSERT INTO `productimage` VALUES (127, 1, '54edecda-5445-44ae-a657-c9d8e96fbc9a.jpg', 14);
INSERT INTO `productimage` VALUES (128, 1, 'b59540b4-af43-49fe-9957-07acdf53e4d8.jpg', 14);
INSERT INTO `productimage` VALUES (129, 1, '8c673de2-12e5-449d-ab4a-4904632f18be.jpg', 14);
INSERT INTO `productimage` VALUES (130, 1, 'b98d5c96-6861-41d0-98e7-d1951c9c3b3c.jpg', 14);
INSERT INTO `productimage` VALUES (131, 1, '4fe27980-b732-4cc2-abb3-2ba58db0ca39.jpg', 14);
INSERT INTO `productimage` VALUES (132, 1, 'c8d56019-37af-4d57-a0f5-b08a778b3f0d.jpg', 14);
INSERT INTO `productimage` VALUES (133, 0, 'b3c66d7c-15d3-489b-a64e-2b703d510cb5.jpg', 15);
INSERT INTO `productimage` VALUES (134, 0, 'da8f1b00-f775-4a1d-944a-6998250a8863.jpg', 15);
INSERT INTO `productimage` VALUES (135, 0, '76343fc3-b1f6-46c5-84ef-a86c610836cb.jpg', 15);
INSERT INTO `productimage` VALUES (136, 0, '9d833e80-906b-42df-8dae-eeaf0b0cf2d2.jpg', 15);
INSERT INTO `productimage` VALUES (137, 0, 'f57f07e8-6f96-445c-8dfa-429ea8f25093.jpg', 15);
INSERT INTO `productimage` VALUES (138, 1, 'e804fba9-7e1d-4430-8da8-75b4d57a9853.jpg', 15);
INSERT INTO `productimage` VALUES (139, 1, 'a1fd437e-d592-45d1-b45d-0c3f9617d6d9.jpg', 15);
INSERT INTO `productimage` VALUES (140, 1, '03d0b61d-95ac-4532-95cf-038cff416418.jpg', 15);
INSERT INTO `productimage` VALUES (141, 1, 'f15944fc-6385-4351-9611-8edf8d7ead32.jpg', 15);
INSERT INTO `productimage` VALUES (142, 1, '96854edf-9e04-4e95-bb3e-9d7c7e517302.jpg', 15);
INSERT INTO `productimage` VALUES (143, 1, '8b6b3d8b-4466-489e-bfae-e75a02032809.jpg', 15);
INSERT INTO `productimage` VALUES (144, 1, '26a3945e-4066-4137-84c9-1a86421661ef.png', 15);
INSERT INTO `productimage` VALUES (145, 1, '533ba9ce-943b-45ba-a877-9d5fba89a25a.jpg', 15);
INSERT INTO `productimage` VALUES (146, 1, 'b2c9cd05-433a-42b6-8f78-ca46e9a10623.jpg', 16);
INSERT INTO `productimage` VALUES (147, 1, '0367bbf0-7915-48d4-b613-e31ae529a503.jpg', 16);
INSERT INTO `productimage` VALUES (148, 1, '68501074-05ef-4e24-b4a8-bbc7f811df15.jpg', 16);
INSERT INTO `productimage` VALUES (149, 1, '8f7d4dfb-c185-42e5-a99b-5a32b2bbefd4.jpg', 16);
INSERT INTO `productimage` VALUES (150, 1, '1ec41e42-6460-4396-9d11-eee8474eff07.jpg', 16);
INSERT INTO `productimage` VALUES (151, 1, '15eac777-eb64-4e1a-a324-72471c440139.jpg', 16);
INSERT INTO `productimage` VALUES (152, 1, '49052196-5409-4e68-b075-2264c96f6943.jpg', 16);
INSERT INTO `productimage` VALUES (153, 1, '8be3ce86-b711-4edc-8f0c-ae3dc68d7441.jpg', 16);
INSERT INTO `productimage` VALUES (154, 0, '9434fb97-93e1-420a-b26a-c3810879db8e.jpg', 17);
INSERT INTO `productimage` VALUES (155, 0, 'e07a2a19-7f6c-4fe1-880e-476ad9bff02d.jpg', 17);
INSERT INTO `productimage` VALUES (156, 0, 'bf7a04db-d358-4a47-9638-5bd8e5f5ba23.jpg', 17);
INSERT INTO `productimage` VALUES (157, 0, '81d5a76c-30a1-4184-8669-72f327a96402.jpg', 17);
INSERT INTO `productimage` VALUES (158, 0, '748053be-f886-41f7-9044-1112596426ef.jpg', 17);
INSERT INTO `productimage` VALUES (159, 1, '7f145b37-8893-44d9-8d56-c59993ef09a3.jpg', 17);
INSERT INTO `productimage` VALUES (160, 1, 'bf736b8a-4111-43ad-8e18-2c9ec2f703e1.jpg', 17);
INSERT INTO `productimage` VALUES (161, 1, 'c7eb4667-60f7-41b5-8083-37f850564f5b.jpg', 17);
INSERT INTO `productimage` VALUES (162, 1, '2aa006a9-7892-4b9e-bcbf-ce2196c467c3.jpg', 17);
INSERT INTO `productimage` VALUES (163, 1, 'e6ec5c9b-3be2-491c-9cce-9c36e295909c.jpg', 17);
INSERT INTO `productimage` VALUES (164, 1, '19cac32e-2d14-4e7b-8575-4a99e11762e3.jpg', 17);
INSERT INTO `productimage` VALUES (165, 1, '0b0aa9fc-b4ad-46c0-aa60-1fea028e87b9.jpg', 17);
INSERT INTO `productimage` VALUES (166, 1, '4c8e8e24-2a4c-4d6c-bd72-dcc5666ffebb.jpg', 17);
INSERT INTO `productimage` VALUES (167, 0, 'f1e55cd1-a044-4c25-a2a5-cbb479cc6857.jpg', 18);
INSERT INTO `productimage` VALUES (168, 0, 'd40d7062-12cd-455f-9e4d-e7cdd5bab4b2.jpg', 18);
INSERT INTO `productimage` VALUES (169, 0, '26b813b4-6d08-43db-9b53-d668f7c1992f.jpg', 18);
INSERT INTO `productimage` VALUES (170, 0, 'bf038e33-48b3-4896-ba44-30e2e31bde64.jpg', 18);
INSERT INTO `productimage` VALUES (171, 0, 'f19b72b6-bebe-4877-835a-b6c42e94e8e4.jpg', 18);
INSERT INTO `productimage` VALUES (172, 1, '8839c5e9-3184-40f5-93e6-ccc9da298394.jpg', 18);
INSERT INTO `productimage` VALUES (173, 1, '9ee0f186-4f3b-4a25-b3c3-b057eb68f1ad.jpg', 18);
INSERT INTO `productimage` VALUES (174, 1, 'b74747e7-697c-42ac-8083-f81a8955a55a.jpg', 18);
INSERT INTO `productimage` VALUES (175, 0, 'bd8f5ad0-0aba-466a-935c-cce36c307a6c.jpg', 19);
INSERT INTO `productimage` VALUES (176, 0, 'dade4311-cf33-4b93-86e1-f34e73bc3c28.jpg', 19);
INSERT INTO `productimage` VALUES (177, 0, 'c6651a0f-072e-46d5-9db4-39d750e30e00.jpg', 19);
INSERT INTO `productimage` VALUES (178, 0, '01c48cd8-057d-427c-a185-a115f3274aa5.jpg', 19);
INSERT INTO `productimage` VALUES (179, 0, '9228f588-9e19-419a-9d13-8c7ce414b876.jpg', 19);
INSERT INTO `productimage` VALUES (180, 1, 'c934d835-c6e7-47d7-a504-5df207d8f085.jpg', 19);
INSERT INTO `productimage` VALUES (181, 1, '9329d357-9c93-4cbb-8617-cfb2b7f794db.jpg', 19);
INSERT INTO `productimage` VALUES (182, 1, '31234bb1-9fd1-4b96-8691-9053fdabf564.jpg', 19);
INSERT INTO `productimage` VALUES (183, 1, 'e83e50fe-b7ba-4c3f-9998-deef3fe456df.jpg', 19);
INSERT INTO `productimage` VALUES (184, 1, '6038bfd4-3ad1-4b41-a210-276f5d1db847.jpg', 19);
INSERT INTO `productimage` VALUES (185, 1, '113c03c3-13a8-46ea-aafc-100b25f939a1.jpg', 19);
INSERT INTO `productimage` VALUES (186, 1, '89d58d65-cc85-4b96-b01a-cc6660334a26.jpg', 19);
INSERT INTO `productimage` VALUES (187, 1, 'fbcfce49-2e41-4897-9aa6-2504555a9808.jpg', 20);
INSERT INTO `productimage` VALUES (188, 1, '71c90979-6061-4324-825b-831cb8901f84.jpg', 20);
INSERT INTO `productimage` VALUES (189, 1, 'e6593c26-6c88-42c7-b276-a5236e2e77d9.jpg', 20);
INSERT INTO `productimage` VALUES (190, 1, 'ce128239-d2a5-41e4-abee-b48a6b4fc738.jpg', 20);
INSERT INTO `productimage` VALUES (191, 1, '00605d75-259d-42e3-afd7-1f2a8fb47276.jpg', 20);
INSERT INTO `productimage` VALUES (192, 1, '2e3ae18a-882e-499e-a074-0bd5801ebf1d.jpg', 20);
INSERT INTO `productimage` VALUES (193, 1, '7acccbbb-fdb2-4fba-b2fe-827109cbae70.jpg', 20);
INSERT INTO `productimage` VALUES (194, 1, 'ec28935e-5a87-40cf-92cd-b6bc19bf871b.jpg', 20);
INSERT INTO `productimage` VALUES (195, 0, '10064111-027b-4b72-8ec8-5fde13ef7615.jpg', 21);
INSERT INTO `productimage` VALUES (196, 0, '882ed7b3-cbd7-4a80-af3b-67978a521022.jpg', 21);
INSERT INTO `productimage` VALUES (197, 0, 'b54c7f5e-533a-43f3-b4ce-a43c8018216d.jpg', 21);
INSERT INTO `productimage` VALUES (198, 0, 'd43e4da1-5912-4adc-9e28-01060e0bc198.jpg', 21);
INSERT INTO `productimage` VALUES (199, 0, 'f9fc48a6-0883-4974-804c-285ec9b0fe73.jpg', 21);
INSERT INTO `productimage` VALUES (200, 1, 'e09c420b-21a6-4f8d-ba50-690271324ea1.jpg', 21);
INSERT INTO `productimage` VALUES (201, 1, '344b930f-ad2d-48d0-bb4f-72418126e49c.jpg', 21);
INSERT INTO `productimage` VALUES (202, 1, 'fe750842-e389-49b0-90f0-487439e85cad.jpg', 21);
INSERT INTO `productimage` VALUES (203, 1, 'ce020bd4-dd80-4a2a-8232-dff296a10f78.jpg', 21);
INSERT INTO `productimage` VALUES (204, 1, '5f580854-0dfb-4657-a4f9-e8f90edc8be7.jpg', 21);
INSERT INTO `productimage` VALUES (205, 1, '1d9f88ed-05b2-4495-97eb-38cfec37cc44.jpg', 21);
INSERT INTO `productimage` VALUES (206, 1, '074793c5-7927-42f7-ad61-2b6464abb7b4.jpg', 21);
INSERT INTO `productimage` VALUES (207, 1, '4af244cd-c572-4d8f-a4cb-e5aa7de17f2c.jpg', 21);
INSERT INTO `productimage` VALUES (208, 0, '2c26824a-4510-42fa-b26b-85ce1ae08011.jpg', 22);
INSERT INTO `productimage` VALUES (209, 0, '4004c207-b8fc-4c6c-9427-a06d590237ab.jpg', 22);
INSERT INTO `productimage` VALUES (210, 0, '890ab409-76eb-4368-9b9d-851749dbd258.jpg', 22);
INSERT INTO `productimage` VALUES (211, 0, 'c8f0cc0f-7e42-4c27-8814-0fd264ded741.jpg', 22);
INSERT INTO `productimage` VALUES (212, 0, '5741fb83-1f62-47b4-aab6-4f995f99e72c.jpg', 22);
INSERT INTO `productimage` VALUES (213, 1, 'ae41c284-5a4a-4675-a869-a9f1901b9985.jpg', 22);
INSERT INTO `productimage` VALUES (214, 1, '3f223836-778b-4731-beb3-8e12c5db96e3.jpg', 22);
INSERT INTO `productimage` VALUES (215, 1, 'b0cc4f57-6145-4353-9787-aec19da44d22.jpg', 22);
INSERT INTO `productimage` VALUES (216, 1, 'a9743120-21f8-4fb8-80c5-e65a5b825e45.jpg', 22);
INSERT INTO `productimage` VALUES (217, 1, '7378d058-4dce-4985-8471-61e2faa32520.jpg', 22);
INSERT INTO `productimage` VALUES (218, 1, '0d8a1d27-534a-4bf8-bc9c-fdb65c72c041.jpg', 22);
INSERT INTO `productimage` VALUES (219, 1, '78880bfe-fc9a-422d-a0de-f415a132b04f.jpg', 22);
INSERT INTO `productimage` VALUES (220, 1, 'ba6fcdae-2754-449e-a99d-a79be43197eb.jpg', 22);
INSERT INTO `productimage` VALUES (221, 0, '69e6aa1e-3ea3-45b2-8664-2db136a8b069.jpg', 23);
INSERT INTO `productimage` VALUES (222, 0, '8b236bb7-19b4-49f4-94b7-af9b091c3caf.jpg', 23);
INSERT INTO `productimage` VALUES (223, 0, '0c5d9b7c-8de7-4778-a961-1c960b8a587f.jpg', 23);
INSERT INTO `productimage` VALUES (224, 0, '9c95c196-7e01-4220-a84e-15b0e0b009f6.jpg', 23);
INSERT INTO `productimage` VALUES (225, 0, '27e3dd15-ec6a-4630-b898-9697b817e418.jpg', 23);
INSERT INTO `productimage` VALUES (226, 1, 'bb926a55-93de-4407-873f-a201cb508726.jpg', 23);
INSERT INTO `productimage` VALUES (227, 1, '131e01d6-1df8-4f1b-9799-b84c55be52ea.jpg', 23);
INSERT INTO `productimage` VALUES (228, 1, 'fdfd453b-62bb-47b9-aca6-480b10e0a167.jpg', 23);
INSERT INTO `productimage` VALUES (229, 1, '4c8f0f92-72a1-4ecf-bbb0-9232305e8f2d.jpg', 23);
INSERT INTO `productimage` VALUES (230, 1, '98bf2ee6-508e-4b9b-994f-2d40bd73b3a8.jpg', 23);
INSERT INTO `productimage` VALUES (231, 1, 'b8963c9d-dfdc-4ac6-a134-796b131c75c5.jpg', 23);
INSERT INTO `productimage` VALUES (232, 1, 'b11c3ed3-44a2-4640-a87c-065690cd3fba.jpg', 23);
INSERT INTO `productimage` VALUES (233, 1, 'd7c0907a-78d5-4df3-8c19-0d44a5c4c144.jpg', 23);
INSERT INTO `productimage` VALUES (234, 0, '8a3db48c-3eac-408e-89a0-ec2902af0d0c.jpg', 24);
INSERT INTO `productimage` VALUES (235, 0, '9c77f022-ca3d-4814-848a-60a65b4175b8.jpg', 24);
INSERT INTO `productimage` VALUES (236, 0, 'f74cfcac-8bc2-4537-b17c-4cc469f5aca7.jpg', 24);
INSERT INTO `productimage` VALUES (237, 0, '86b732f1-8062-4fab-88f0-38a816d5503c.jpg', 24);
INSERT INTO `productimage` VALUES (238, 0, 'b13801b1-1297-4232-8c12-9d32941fc63a.jpg', 24);
INSERT INTO `productimage` VALUES (239, 1, 'f5677d87-fd54-42f1-be66-69f54da37f88.jpg', 24);
INSERT INTO `productimage` VALUES (240, 1, '2c8a33b2-06f0-4c0d-b700-ce1ae993ef38.jpg', 24);
INSERT INTO `productimage` VALUES (241, 1, 'b1fb53b0-b048-44ff-b669-f979345859fb.jpg', 24);
INSERT INTO `productimage` VALUES (242, 1, '64b93389-cb1c-4f94-855e-a845c91539fa.jpg', 24);
INSERT INTO `productimage` VALUES (243, 1, '1017bac9-3dd3-422b-83ec-cb6fe04318e8.jpg', 24);
INSERT INTO `productimage` VALUES (244, 1, '8c8217bf-39e7-4264-aa29-c35dec18f45a.jpg', 24);
INSERT INTO `productimage` VALUES (245, 1, '9e0b5818-be31-41b1-b4d1-3a8ec8f69ba5.jpg', 24);
INSERT INTO `productimage` VALUES (246, 1, 'abb36421-2945-4b32-a300-65e7884c58cd.jpg', 24);
INSERT INTO `productimage` VALUES (247, 0, 'e696e047-701f-40c9-a7f7-d03229779fe6.jpg', 25);
INSERT INTO `productimage` VALUES (248, 0, 'f065c40e-3569-41fd-8a34-0dda2ef558e4.jpg', 25);
INSERT INTO `productimage` VALUES (249, 0, 'd540017b-da6e-4bd3-a8c2-6d25cb67a394.jpg', 25);
INSERT INTO `productimage` VALUES (250, 0, 'd90b62e5-66be-4196-a599-de9282ecd3cc.jpg', 25);
INSERT INTO `productimage` VALUES (251, 0, '87c944d3-cff9-4de9-bb08-af0769253250.jpg', 25);
INSERT INTO `productimage` VALUES (252, 1, 'db8fb22a-dcd5-46aa-9922-edc45d5bf45e.jpg', 25);
INSERT INTO `productimage` VALUES (253, 1, '0d10a06f-4f3d-46e1-a261-8aba5f4bd1c2.jpg', 25);
INSERT INTO `productimage` VALUES (254, 1, 'a32ef34d-b32a-4b6f-ab90-0aec452f255e.jpg', 25);
INSERT INTO `productimage` VALUES (255, 1, 'be9f63b4-7869-45a0-8f09-e56de2e65d8c.jpg', 25);
INSERT INTO `productimage` VALUES (256, 1, '292b21a7-ca1a-4091-87d0-ad1b54a38035.jpg', 25);
INSERT INTO `productimage` VALUES (257, 1, '9e061654-aaef-4fd0-8b05-71a2a97e0df1.jpg', 25);
INSERT INTO `productimage` VALUES (258, 1, 'bc01d31e-2f09-43d7-a04e-3b0d0b230031.jpg', 25);
INSERT INTO `productimage` VALUES (259, 1, '85a9701a-4169-4adf-9570-0bfd25a52673.jpg', 25);
INSERT INTO `productimage` VALUES (260, 1, '51fb3613-a5ad-45ad-bca3-79a8e83b50c1.jpg', 26);
INSERT INTO `productimage` VALUES (261, 1, '050066c0-724a-46b5-b324-4e122ef6dca0.jpg', 26);
INSERT INTO `productimage` VALUES (262, 1, '9a4afb34-4fc0-4d7b-9231-bfad188f5ad8.jpg', 26);
INSERT INTO `productimage` VALUES (263, 1, '5a6c7d2d-76c4-4644-b1d9-d963cf798f70.jpg', 26);
INSERT INTO `productimage` VALUES (264, 1, 'f4df6190-c5ae-409b-9c3b-339698acde6d.jpg', 26);
INSERT INTO `productimage` VALUES (265, 1, '2f18ce45-16d3-4bc6-a6e5-fe41f1caef2d.jpg', 26);
INSERT INTO `productimage` VALUES (266, 1, '1bc575e0-1b6a-473b-b5fc-f5aba5033fc9.jpg', 26);
INSERT INTO `productimage` VALUES (267, 1, 'ad22eb33-7e92-4c18-881e-e6a0023412f1.jpg', 26);
INSERT INTO `productimage` VALUES (268, 0, '138e4099-9b34-4e4e-aeb4-cf32f2086b08.jpg', 27);
INSERT INTO `productimage` VALUES (269, 0, '16c6e9aa-1e04-488b-8cad-edd3ad593a2d.jpg', 27);
INSERT INTO `productimage` VALUES (270, 0, 'e6d755a7-c76b-4872-865d-f9b7f4e3cf96.jpg', 27);
INSERT INTO `productimage` VALUES (271, 0, 'ccd8868e-7803-4416-8c02-ddf64ec82266.jpg', 27);
INSERT INTO `productimage` VALUES (272, 0, '431d9afa-2aa9-4b85-9054-2d2632d46880.jpg', 27);
INSERT INTO `productimage` VALUES (273, 1, 'bdbbc63f-1648-45fa-aa85-9ed4abb72d16.jpg', 27);
INSERT INTO `productimage` VALUES (274, 1, '8b768419-2753-4bf9-8e17-e66b5dbbbfcd.jpg', 27);
INSERT INTO `productimage` VALUES (275, 1, '84f29ead-6572-4e27-97be-fc63f956041d.jpg', 27);
INSERT INTO `productimage` VALUES (276, 1, 'bcdd587f-a624-49cf-a8fb-4142b6fb6245.jpg', 27);
INSERT INTO `productimage` VALUES (277, 1, '6ee63620-31c5-40ea-90b1-cfcc59624e5c.jpg', 27);
INSERT INTO `productimage` VALUES (278, 1, '2f566bfd-9a9c-41f6-9559-28ec596db3e4.jpg', 27);
INSERT INTO `productimage` VALUES (279, 1, '58f51133-1c2c-4f8c-86cd-3d34b20f5caa.jpg', 27);
INSERT INTO `productimage` VALUES (280, 1, '3a0d845e-0054-414a-a5b5-4802cf184ac6.png', 27);
INSERT INTO `productimage` VALUES (281, 1, '474d6a0f-cc4d-4005-95d0-e8a5c20a03a8.jpg', 28);
INSERT INTO `productimage` VALUES (282, 1, 'd6b4f5a5-4e34-44ad-a880-271b96ccdeac.jpg', 28);
INSERT INTO `productimage` VALUES (283, 1, '9479e5ea-989c-41b1-9e7f-cbd7aa2f6354.jpg', 28);
INSERT INTO `productimage` VALUES (284, 1, 'c5ac4c8c-92d3-483b-928e-895d5773e27d.jpg', 28);
INSERT INTO `productimage` VALUES (285, 1, 'd119be04-ff6c-482b-98cd-f9c23a42a455.jpg', 28);
INSERT INTO `productimage` VALUES (286, 1, '1f5d43da-9e7d-413c-bc60-eb148a1ae05c.jpg', 28);
INSERT INTO `productimage` VALUES (287, 1, '8ddef19b-ce0d-4798-86b4-a7e7d2b2baad.jpg', 28);
INSERT INTO `productimage` VALUES (288, 1, 'e118b214-6636-49d5-af65-40a899cc5b31.jpg', 28);
INSERT INTO `productimage` VALUES (289, 0, 'df384d2b-664c-47a4-b298-8bedcb61a5d6.jpg', 29);
INSERT INTO `productimage` VALUES (290, 0, '27d4c4da-0ceb-4053-a4f2-060585391822.jpg', 29);
INSERT INTO `productimage` VALUES (291, 0, '0da6cd3f-9e18-4f03-89cb-e7786df58ec1.jpg', 29);
INSERT INTO `productimage` VALUES (292, 0, '5a663ab8-50c3-4b51-a11c-247445e94dd0.jpg', 29);
INSERT INTO `productimage` VALUES (293, 0, '7d4e8b39-db6d-45df-ad9a-38805ff75c4b.jpg', 29);
INSERT INTO `productimage` VALUES (294, 1, 'fcab4b77-a730-4769-9157-7bf0f2618d36.jpg', 29);
INSERT INTO `productimage` VALUES (295, 1, '6c500865-3ea7-42b6-adfa-757600581868.jpg', 29);
INSERT INTO `productimage` VALUES (296, 1, 'b1b5417b-9a52-4c51-8734-7f21ad53f3c4.jpg', 29);
INSERT INTO `productimage` VALUES (297, 1, '58b847d7-c68e-4511-be79-ac7d01d62373.jpg', 29);
INSERT INTO `productimage` VALUES (298, 1, '575c6169-add7-411a-b0f2-ca1472959c52.jpg', 29);
INSERT INTO `productimage` VALUES (299, 1, 'df2a5a5d-215b-41e2-aa07-7e26b69a3355.jpg', 29);
INSERT INTO `productimage` VALUES (300, 1, '97f4b959-468f-4989-99e0-41de4068d073.jpg', 29);
INSERT INTO `productimage` VALUES (301, 1, 'c044f80f-cc24-40c3-a52b-c0b7eda3bab8.jpg', 29);
INSERT INTO `productimage` VALUES (302, 0, 'e43936ed-5149-4451-a7ca-1053d12d821e.jpg', 30);
INSERT INTO `productimage` VALUES (303, 0, '1c048283-7e5e-4ba5-a1d1-76ba67769bc6.jpg', 30);
INSERT INTO `productimage` VALUES (304, 0, '23e190b4-4aca-495e-8559-8a2bc8383f23.jpg', 30);
INSERT INTO `productimage` VALUES (305, 0, '4b71a160-e904-4017-baea-e43b58ad2433.jpg', 30);
INSERT INTO `productimage` VALUES (306, 0, '39a28d9c-4f60-47e2-9c53-5766a0560f67.jpg', 30);
INSERT INTO `productimage` VALUES (307, 1, 'cd61668f-6fc5-43b7-8d5b-2258a0c5049e.jpg', 30);
INSERT INTO `productimage` VALUES (308, 1, '2433adb8-a113-4e1f-b72f-e6af1b97f210.jpg', 30);
INSERT INTO `productimage` VALUES (309, 1, '579466aa-a85f-4f08-a8c2-8d992c479d00.jpg', 30);
INSERT INTO `productimage` VALUES (310, 1, 'ad84a8a9-875e-4d20-9323-d32903624e6f.jpg', 30);
INSERT INTO `productimage` VALUES (311, 1, '2f465e69-03cf-4729-abf6-a15083c50040.jpg', 30);
INSERT INTO `productimage` VALUES (312, 1, 'f09d3d5e-99b8-4c9b-b128-e1e8a51108ed.jpg', 30);
INSERT INTO `productimage` VALUES (313, 1, '26d14600-f1d5-4f77-bf68-a1e570e5dab3.jpg', 30);
INSERT INTO `productimage` VALUES (314, 1, '65a0a5fb-385e-495a-aed5-3199ed2e6a52.jpg', 30);
INSERT INTO `productimage` VALUES (315, 0, '6938846f-ae3c-4265-9d8c-f2da4738dc43.jpg', 31);
INSERT INTO `productimage` VALUES (316, 0, '62586f51-e8bf-4878-bdf9-53660c4dc961.jpg', 31);
INSERT INTO `productimage` VALUES (317, 0, 'a992ac0b-a047-46db-968c-79be91c152c3.jpg', 31);
INSERT INTO `productimage` VALUES (318, 0, '0be4c1c5-3aac-4e7d-86c8-366083c4af68.jpg', 31);
INSERT INTO `productimage` VALUES (319, 0, '4aa34e07-bd40-4ca9-b596-50a3f6b9bcac.jpg', 31);
INSERT INTO `productimage` VALUES (320, 1, '3f0cdb3b-f6b9-4a5c-b9ff-604637b4521a.jpg', 31);
INSERT INTO `productimage` VALUES (321, 1, '01bbcf96-e7d0-4100-97be-ce96d43f5c9b.jpg', 31);
INSERT INTO `productimage` VALUES (322, 1, '9324267c-3290-4d5d-8b42-cd9d9868933a.jpg', 31);
INSERT INTO `productimage` VALUES (323, 1, '68c42115-fbfe-4008-8324-07ba2a88d1ae.jpg', 31);
INSERT INTO `productimage` VALUES (324, 1, 'e99c0737-0ed9-498a-bbe9-7869d26bbbef.jpg', 31);
INSERT INTO `productimage` VALUES (325, 1, 'dd7218e7-864b-4307-b1e5-e2b030219cf5.jpg', 31);
INSERT INTO `productimage` VALUES (326, 1, 'a5c4c285-699b-4977-90ec-9590432b130f.jpg', 31);
INSERT INTO `productimage` VALUES (327, 1, '5571405e-7334-4b20-8c60-e5e97c7dbd1f.jpg', 31);
INSERT INTO `productimage` VALUES (328, 1, 'a074f250-0108-4360-8b3b-f7ad828896d0.jpg', 32);
INSERT INTO `productimage` VALUES (329, 1, 'b3c6d502-43ca-43ba-b382-943762692905.jpg', 32);
INSERT INTO `productimage` VALUES (330, 1, '793d7cd3-2a65-4f4c-aedc-3a2e1de07a2a.jpg', 32);
INSERT INTO `productimage` VALUES (331, 1, 'b6b0f6bc-cb09-4d70-88fb-4db12287e237.jpg', 32);
INSERT INTO `productimage` VALUES (332, 1, '741d5230-508a-4949-9f8a-963cffcce8e5.jpg', 32);
INSERT INTO `productimage` VALUES (333, 1, '61654c26-732a-4aeb-8946-43fe26b0d5e0.jpg', 32);
INSERT INTO `productimage` VALUES (334, 1, '4481e88c-873f-4a9c-ab36-1491b320ae49.jpg', 32);
INSERT INTO `productimage` VALUES (335, 1, '3e7fecb4-f3bc-4a8d-893b-065e14677720.jpg', 32);
INSERT INTO `productimage` VALUES (336, 1, 'c416e2a3-35c3-4177-8798-ded0a9eb97d9.jpg', 33);
INSERT INTO `productimage` VALUES (337, 1, '085b0acd-d00b-44ec-a9f5-362daf86e36a.jpg', 33);
INSERT INTO `productimage` VALUES (338, 1, '08783f0b-0f76-4dc9-a515-e41254b71d90.jpg', 33);
INSERT INTO `productimage` VALUES (339, 1, 'e5791ad0-8477-4711-81c8-4b4b2c2069c6.jpg', 33);
INSERT INTO `productimage` VALUES (340, 1, '5ade9d48-dc2e-40ea-bacb-0f891dd230af.jpg', 33);
INSERT INTO `productimage` VALUES (341, 1, '0eb5569d-cb91-4e38-b55f-8ee9c3da7a44.jpg', 33);
INSERT INTO `productimage` VALUES (342, 1, '7186636a-a64d-4301-b222-1a8c2914edd0.jpg', 33);
INSERT INTO `productimage` VALUES (343, 1, '95cf12e2-ea42-47d7-8da9-a2c31b3bbb04.jpg', 33);
INSERT INTO `productimage` VALUES (344, 0, 'be1ac709-2b2f-445b-9271-a0ef5c011fb9.jpg', 34);
INSERT INTO `productimage` VALUES (345, 0, 'add6d5d2-8bfd-41f5-b147-cceec1098e97.jpg', 34);
INSERT INTO `productimage` VALUES (346, 0, '7e395708-6a80-4229-8e53-f8dbbe25f9e4.jpg', 34);
INSERT INTO `productimage` VALUES (347, 0, '5fbdfa3b-51d0-47c9-a436-bf3ea0f6eff0.jpg', 34);
INSERT INTO `productimage` VALUES (348, 0, '4a50f540-389f-4252-a188-7d16860cf367.jpg', 34);
INSERT INTO `productimage` VALUES (349, 1, 'c651b801-7b58-4280-b078-e3c6c7401281.jpg', 34);
INSERT INTO `productimage` VALUES (350, 1, '7f9ca9ac-a1b2-4729-aff3-c036ed55899e.jpg', 34);
INSERT INTO `productimage` VALUES (351, 1, 'bb07de17-78a6-43d7-ad1a-27332ffb17eb.jpg', 34);
INSERT INTO `productimage` VALUES (352, 1, 'a65ad7e8-049a-4eee-a128-4692170fe6bf.jpg', 34);
INSERT INTO `productimage` VALUES (353, 1, '0fa542c3-a53b-4255-9292-805a7f9e13b8.jpg', 34);
INSERT INTO `productimage` VALUES (354, 1, '4bb69e1c-b009-4bdd-b255-6bd1750562e9.jpg', 35);
INSERT INTO `productimage` VALUES (355, 1, '0026f1e9-a6d5-43d8-96f9-f27cf848553f.jpg', 35);
INSERT INTO `productimage` VALUES (356, 1, '40e1ce54-81fa-40b0-b48b-7448d173f5e4.jpg', 35);
INSERT INTO `productimage` VALUES (357, 1, 'b04ea8ab-58d3-4501-a6ba-73f744bf3ca4.jpg', 35);
INSERT INTO `productimage` VALUES (358, 1, '6ef9a95b-82ad-409f-a31e-79568549a7cd.jpg', 35);
INSERT INTO `productimage` VALUES (359, 1, '3b65fc87-cdbe-4d35-a62b-3c474bb88c5e.jpg', 35);
INSERT INTO `productimage` VALUES (360, 1, 'cc0e9be2-de46-46b3-bdf2-db485c79a879.jpg', 35);
INSERT INTO `productimage` VALUES (361, 0, '46d2ce8a-b4ab-4f70-bc95-3f1e9e0c7623.jpg', 36);
INSERT INTO `productimage` VALUES (362, 0, 'f01c7d08-b6ed-4c50-8250-98d941125718.jpg', 36);
INSERT INTO `productimage` VALUES (363, 0, '319c0031-2967-410b-9ec7-d9da9d0fc822.jpg', 36);
INSERT INTO `productimage` VALUES (364, 0, '1261b8a4-58b7-4a37-926a-1968d531d2ca.jpg', 36);
INSERT INTO `productimage` VALUES (365, 0, '509da1ea-5788-4875-a88e-b7d80b00a8ef.jpg', 36);
INSERT INTO `productimage` VALUES (366, 1, '27af3a42-6e03-436d-9e59-963597456f74.jpg', 36);
INSERT INTO `productimage` VALUES (367, 1, 'f3f192da-e334-420a-9b8e-76b5c91b9cc5.jpg', 36);
INSERT INTO `productimage` VALUES (368, 1, '5cd9702a-a78b-49b1-a4d6-63e8df55a2d2.jpg', 36);
INSERT INTO `productimage` VALUES (369, 1, '02e22807-a090-4f4f-98f0-f53aa4c0f3c3.jpg', 36);
INSERT INTO `productimage` VALUES (370, 1, '8bb2e2be-08a5-429f-b109-ffbea8aad019.jpg', 36);
INSERT INTO `productimage` VALUES (371, 1, '5aba83e7-a741-452d-a760-a6c1e10add4c.jpg', 37);
INSERT INTO `productimage` VALUES (372, 1, '273d8e36-9730-4f1c-9454-48bd25c58449.jpg', 37);
INSERT INTO `productimage` VALUES (373, 1, 'a5dd9902-529b-4ebf-8809-e10a718519f8.jpg', 37);
INSERT INTO `productimage` VALUES (374, 1, '86e75c08-7eb2-434e-b59e-28340e69fd9b.jpg', 37);
INSERT INTO `productimage` VALUES (375, 1, 'a21fa850-2115-4f50-82c8-afe92ffe409e.jpg', 37);
INSERT INTO `productimage` VALUES (376, 1, 'c0609867-4e61-4c6c-8ed9-a93fdc413c99.jpg', 37);
INSERT INTO `productimage` VALUES (377, 1, '65659747-8c08-4b7b-a3f8-06b483beb3d2.jpg', 37);
INSERT INTO `productimage` VALUES (378, 1, '42fdad7e-9d5e-4940-a2a8-4a96a188a9f4.jpg', 37);
INSERT INTO `productimage` VALUES (379, 0, 'da1f9f23-346b-4c21-917c-1746932574be.jpg', 38);
INSERT INTO `productimage` VALUES (380, 0, '753b8893-18aa-4409-9b17-48d32f9eac18.jpg', 38);
INSERT INTO `productimage` VALUES (381, 0, '1f0f41ac-81f7-4d16-bcfa-7391c1c27b5b.jpg', 38);
INSERT INTO `productimage` VALUES (382, 0, '5290f809-c206-4dc9-a062-d133be34b2cb.jpg', 38);
INSERT INTO `productimage` VALUES (383, 0, '143903fb-2f5d-467b-a151-e7bf658f2591.jpg', 38);
INSERT INTO `productimage` VALUES (384, 1, '9cda0726-8807-476d-9dfe-9a1ec6149f09.jpg', 38);
INSERT INTO `productimage` VALUES (385, 1, '051f8b27-6c65-4aeb-ba56-09b86f7d2d85.jpg', 38);
INSERT INTO `productimage` VALUES (386, 1, 'b05d1825-a83d-4c4b-b777-3c3a9d96cc32.jpg', 38);
INSERT INTO `productimage` VALUES (387, 1, 'fa634ff9-b27d-48fc-8489-2c7fcf9cd8c0.jpg', 38);
INSERT INTO `productimage` VALUES (388, 1, 'be22a00b-5f8e-4ff5-9dcb-d0a59b465951.jpg', 38);
INSERT INTO `productimage` VALUES (389, 1, '8687d76c-e28c-40e6-8da9-f3fbaa91619b.jpg', 38);
INSERT INTO `productimage` VALUES (390, 1, '252951c9-c46d-4f5f-ae41-16d2dde817f1.jpg', 38);
INSERT INTO `productimage` VALUES (391, 1, '0cc43fc1-4a8a-4f95-bdd8-bd275b806afb.jpg', 38);
INSERT INTO `productimage` VALUES (392, 1, '10778032-bdd6-4696-aac1-eb2ce516d252.jpg', 39);
INSERT INTO `productimage` VALUES (393, 1, 'b85bfd39-26ff-47de-96ce-df158c6b00fd.jpg', 39);
INSERT INTO `productimage` VALUES (394, 1, 'f0ff9d6d-4d6f-419c-bcc8-7b01a90e10b0.jpg', 39);
INSERT INTO `productimage` VALUES (395, 1, '26b52d9e-59f9-44b4-9607-12e32a30ef81.jpg', 39);
INSERT INTO `productimage` VALUES (396, 1, '5f125745-a68a-4f15-8339-fd3344c6a5ce.jpg', 39);
INSERT INTO `productimage` VALUES (397, 1, 'ad38d6f6-1306-4b8d-ae4e-3f735cb74b19.jpg', 39);
INSERT INTO `productimage` VALUES (398, 1, 'f1be6623-4013-4a43-b6f7-05c4c78b8134.jpg', 39);
INSERT INTO `productimage` VALUES (399, 1, 'da189a0b-fa6b-4f0a-94c6-3ce282bffd24.jpg', 39);
INSERT INTO `productimage` VALUES (400, 0, 'a377f184-7c02-42a7-8e2f-a8350362aa7c.jpg', 40);
INSERT INTO `productimage` VALUES (401, 0, 'a6bd6f69-7e35-466d-8d6a-e3dadbd0c4d3.jpg', 40);
INSERT INTO `productimage` VALUES (402, 0, 'ea4414b2-72c6-4020-8846-07b18c7c88c1.jpg', 40);
INSERT INTO `productimage` VALUES (403, 0, '2e3b85f6-90f9-4832-8168-9a6fef98c907.jpg', 40);
INSERT INTO `productimage` VALUES (404, 0, 'ecc44fd6-686c-49fe-983d-214962f84be8.jpg', 40);
INSERT INTO `productimage` VALUES (405, 1, '937025ff-9b7f-4a98-bfee-c8cfa30df97a.jpg', 40);
INSERT INTO `productimage` VALUES (406, 1, '4fafabfb-be4d-47b0-966a-3dc812c75802.jpg', 40);
INSERT INTO `productimage` VALUES (407, 1, 'a2979483-017d-4db7-9d2e-014c7657eb6d.jpg', 40);
INSERT INTO `productimage` VALUES (408, 1, '87b4ed29-da8c-4e64-a142-bccd97255425.jpg', 40);
INSERT INTO `productimage` VALUES (409, 1, 'cfd16525-29fe-426f-b6a1-fee7475a45db.jpg', 40);
INSERT INTO `productimage` VALUES (410, 0, 'ff709d64-4548-4d53-8f68-ad3a376f43c9.jpg', 41);
INSERT INTO `productimage` VALUES (411, 0, '2b0522bc-9762-4161-85a5-0134fe85cb5d.jpg', 41);
INSERT INTO `productimage` VALUES (412, 0, 'a6be496a-b2a7-48d1-a213-0130d2f13dd5.jpg', 41);
INSERT INTO `productimage` VALUES (413, 0, '7b4bde55-624b-4586-9957-9ca950659fd6.jpg', 41);
INSERT INTO `productimage` VALUES (414, 0, '5ce42f0b-b459-4f34-b607-3a99d4edb6e6.jpg', 41);
INSERT INTO `productimage` VALUES (415, 1, '1a77d360-c05f-43bd-a6bb-336a19647806.jpg', 41);
INSERT INTO `productimage` VALUES (416, 1, 'd6f14994-5aab-4e2d-82dc-df012502baa5.jpg', 41);
INSERT INTO `productimage` VALUES (417, 1, 'd0a2f634-1292-45a6-b8fd-06908c2bac12.jpg', 41);
INSERT INTO `productimage` VALUES (418, 1, '268ef503-0baf-4b67-88fc-70ebda0b4dcd.jpg', 41);
INSERT INTO `productimage` VALUES (419, 1, '14db1bbd-d87b-43ad-8107-3c1ee7f49f84.jpg', 41);
INSERT INTO `productimage` VALUES (508, 0, 'f076fbe9-2a69-493f-89c9-a2d3303b6879.jpg', 6);
INSERT INTO `productimage` VALUES (509, 0, '0f47c7f4-6815-41cd-b6f3-37cf08542eb0.jpg', 6);
INSERT INTO `productimage` VALUES (510, 0, '10e407f2-0357-4116-926e-fdff44a1b900.jpg', 6);
INSERT INTO `productimage` VALUES (511, 0, 'b7745647-3193-4f86-9843-cfd27c1f1a74.jpg', 6);
INSERT INTO `productimage` VALUES (512, 0, '219c867f-1f5f-4db6-91c4-a323b7b4ce8f.jpg', 6);
INSERT INTO `productimage` VALUES (513, 0, '194b7592-dbbc-457f-8d57-07df2c2fa81f.jpg', 8);
INSERT INTO `productimage` VALUES (514, 0, '3f437aa8-68bb-4c86-9558-57d0ab316f3c.jpg', 8);
INSERT INTO `productimage` VALUES (515, 0, 'dae7fef0-6394-459e-99bc-6f5235cc3088.jpg', 8);
INSERT INTO `productimage` VALUES (516, 0, 'fd8479d3-8999-4447-b20d-79af2f215abe.jpg', 8);
INSERT INTO `productimage` VALUES (517, 0, '9e63240a-f4f5-4354-a9a8-78e25cdea05a.jpg', 8);
INSERT INTO `productimage` VALUES (518, 0, '5c6b0346-b1d5-411c-b4b7-90004f1cbb19.jpg', 10);
INSERT INTO `productimage` VALUES (519, 0, '867e79dd-7f1b-4474-9182-2bf3d4fbf723.jpg', 10);
INSERT INTO `productimage` VALUES (520, 0, '0cb0a7ca-468f-4325-801d-24c737aa468b.jpg', 10);
INSERT INTO `productimage` VALUES (521, 0, '818305f5-499c-4a0a-8f80-c5edc2d86794.jpg', 10);
INSERT INTO `productimage` VALUES (522, 0, '5d3d4b1e-03fd-4286-8f66-2ccc4b972947.jpg', 10);
INSERT INTO `productimage` VALUES (523, 0, '23ff5f7a-bec9-47a2-b476-a0c9d3ba1dc1.jpg', 11);
INSERT INTO `productimage` VALUES (524, 0, '875bfe17-00f8-4876-853d-79639541b0ce.jpg', 11);
INSERT INTO `productimage` VALUES (525, 0, 'b4873120-0337-4075-aea1-2b2d25fe2332.jpg', 11);
INSERT INTO `productimage` VALUES (526, 0, '9986250a-bf6e-4657-a7ed-2089d258b187.jpg', 11);
INSERT INTO `productimage` VALUES (527, 0, '75f4298a-df7c-4aeb-98d5-cbcf2e83deab.jpg', 11);
INSERT INTO `productimage` VALUES (528, 0, 'a2be53ea-31a0-4535-b09b-76e22645f928.jpg', 14);
INSERT INTO `productimage` VALUES (529, 0, '3b424f0c-76b2-4730-a217-b1bc24df37d2.jpg', 14);
INSERT INTO `productimage` VALUES (530, 0, 'c54b5bf9-ddb8-4435-97b0-f2c68921cb06.jpg', 14);
INSERT INTO `productimage` VALUES (531, 0, 'f7861741-aaab-4196-83eb-4218b9d08f6e.jpg', 14);
INSERT INTO `productimage` VALUES (532, 0, '406c4ffb-8fb1-4285-8e28-d909f0de0339.jpg', 14);
INSERT INTO `productimage` VALUES (533, 0, '3ae797fb-2c05-4e3d-8f11-00212e02753f.jpg', 16);
INSERT INTO `productimage` VALUES (534, 0, 'a22d2dbd-a25f-4213-86ee-9ea0c8c99ada.jpg', 16);
INSERT INTO `productimage` VALUES (535, 0, '43edc9b4-eedc-47bd-a271-e34041c88ab0.jpg', 16);
INSERT INTO `productimage` VALUES (536, 0, '8cc9aa5d-f15a-4bc9-954d-b7d2c20d1380.jpg', 16);
INSERT INTO `productimage` VALUES (537, 0, '73d0f626-5d22-4191-849b-84f195e0673c.jpg', 16);
INSERT INTO `productimage` VALUES (538, 0, 'd4e0cc31-c6bc-4aaf-b40a-ce306b444c86.jpg', 20);
INSERT INTO `productimage` VALUES (539, 0, 'a8a96261-a668-4625-a634-3716f77e93de.jpg', 20);
INSERT INTO `productimage` VALUES (540, 0, 'cd67892a-75b2-427d-b21c-86847c5f11a6.jpg', 20);
INSERT INTO `productimage` VALUES (541, 0, '97d898d5-7005-44f1-a484-ab9339066a26.jpg', 20);
INSERT INTO `productimage` VALUES (542, 0, '5f1bad4a-3c56-48ae-b3c4-950d6d330896.jpg', 20);
INSERT INTO `productimage` VALUES (543, 0, '44ae6bb9-9cfe-4522-859f-ae666414888b.jpg', 26);
INSERT INTO `productimage` VALUES (544, 0, 'fb5a1df1-32c6-43f9-aeec-14a77e609bde.jpg', 26);
INSERT INTO `productimage` VALUES (545, 0, '4d10d92e-414c-443e-be7a-67260a740447.jpg', 26);
INSERT INTO `productimage` VALUES (546, 0, '4303f6f4-dfa5-4199-bc66-3a3c7f6fa35f.jpg', 26);
INSERT INTO `productimage` VALUES (547, 0, 'ad07c5e7-c9a7-48a9-bca5-ffca588bd449.jpg', 26);
INSERT INTO `productimage` VALUES (548, 0, '84550614-7786-4ce0-bbce-c424fde34e63.jpg', 28);
INSERT INTO `productimage` VALUES (549, 0, '9851ad16-e498-4b0e-bec3-8d08f4eddb8e.jpg', 28);
INSERT INTO `productimage` VALUES (550, 0, '7f77bc82-6972-4a9f-9bbb-8db1eb357e1d.jpg', 28);
INSERT INTO `productimage` VALUES (551, 0, '7dc1b9da-a60e-4286-9b38-09ad4d413940.jpg', 28);
INSERT INTO `productimage` VALUES (552, 0, 'ad94469d-fef6-458c-87e2-1ea77ba65ec7.jpg', 28);
INSERT INTO `productimage` VALUES (553, 0, '8de0c092-d398-45bf-b931-cf99819d703e.jpg', 32);
INSERT INTO `productimage` VALUES (554, 0, 'a58f4a3e-4805-44dc-8de2-ba41d9445fd6.jpg', 32);
INSERT INTO `productimage` VALUES (555, 0, '6473ee8c-c7bc-493d-8c99-4db146a0dbd6.jpg', 32);
INSERT INTO `productimage` VALUES (556, 0, '566d9cdf-d4ad-47a8-956d-3d316a64b1e0.jpg', 32);
INSERT INTO `productimage` VALUES (557, 0, 'c3434483-34d9-4d6b-bfc4-391754060766.jpg', 32);
INSERT INTO `productimage` VALUES (558, 0, 'e0832011-052a-422b-a044-01812ae8bc83.jpg', 33);
INSERT INTO `productimage` VALUES (559, 0, 'cd744e07-f180-4392-b694-086d03bfbb39.jpg', 33);
INSERT INTO `productimage` VALUES (560, 0, '238283e8-13ac-4bf6-88c3-9af94fc2696b.jpg', 33);
INSERT INTO `productimage` VALUES (561, 0, '278f9e5e-1607-467b-8538-0b515d761db2.jpg', 33);
INSERT INTO `productimage` VALUES (562, 0, '12386868-11ec-4a35-827e-b75a21d41cb7.jpg', 33);
INSERT INTO `productimage` VALUES (563, 0, '38d6be09-2b59-4329-8527-2c6630d23289.jpg', 35);
INSERT INTO `productimage` VALUES (564, 0, '3b9fcc7e-f1c9-44f1-b452-0ae8ce0bc9c3.jpg', 35);
INSERT INTO `productimage` VALUES (565, 0, 'ace7ce30-7374-48ad-99b8-ee44c0bad78c.jpg', 35);
INSERT INTO `productimage` VALUES (566, 0, 'fbf6f90a-c434-44ed-8344-6df381edf19f.jpg', 35);
INSERT INTO `productimage` VALUES (567, 0, '729311b3-8008-43d0-9132-d9eb89867225.jpg', 35);
INSERT INTO `productimage` VALUES (568, 0, '10768830-b441-4b99-895c-c168e35acc39.jpg', 37);
INSERT INTO `productimage` VALUES (569, 0, '6c53f6a2-3ce3-49d4-b79c-4efc09816652.jpg', 37);
INSERT INTO `productimage` VALUES (570, 0, '9cce5033-f295-4703-accc-e5353f3a034b.jpg', 37);
INSERT INTO `productimage` VALUES (571, 0, 'c80c37e8-0c87-4b61-960f-01b7140baf17.jpg', 37);
INSERT INTO `productimage` VALUES (572, 0, '06c38419-570d-485e-85b8-5bc18e8ba28c.jpg', 37);
INSERT INTO `productimage` VALUES (573, 0, '83fd4cef-eefe-40cd-b4d8-8551a1e5b29b.jpg', 39);
INSERT INTO `productimage` VALUES (574, 0, 'e75c390c-170c-4b99-aef0-a07824ef1e93.jpg', 39);
INSERT INTO `productimage` VALUES (575, 0, 'e02e035d-d08d-49b7-bc0d-c56ae85b6aaf.jpg', 39);
INSERT INTO `productimage` VALUES (576, 0, 'c5a7f344-9fce-4595-9189-f2fcdfa22d06.jpg', 39);
INSERT INTO `productimage` VALUES (577, 0, 'e9bb89cb-57fb-439c-9eab-af0779bf3b3c.jpg', 39);
INSERT INTO `productimage` VALUES (578, 0, '41f8e353-2be8-4045-9016-40888c0ba368.jpg', 48);
INSERT INTO `productimage` VALUES (579, 0, '156b83f1-7d17-4558-90dd-00ac82dc1e4c.jpg', 48);
INSERT INTO `productimage` VALUES (580, 0, '66747295-c12f-4c81-b1b7-613c39ecd9bd.jpg', 48);
INSERT INTO `productimage` VALUES (581, 0, 'bb0e386a-6fa4-4427-9559-e9196841a3da.jpg', 48);
INSERT INTO `productimage` VALUES (582, 0, '639545f3-ac0b-44e0-95a8-179e9e53bd2f.jpg', 48);
INSERT INTO `productimage` VALUES (583, 1, 'd8a06c00-6f09-4a0a-81be-603f443659ac.jpg', 48);
INSERT INTO `productimage` VALUES (584, 1, 'b716d7bc-287e-437f-b1cb-0869e4a68186.jpg', 48);
INSERT INTO `productimage` VALUES (585, 1, '8354018f-3ac3-4d50-9360-d41949511b73.jpg', 48);
INSERT INTO `productimage` VALUES (586, 1, '0a6f2104-8636-4ca6-8fcd-ca3b0be9c429.jpg', 48);
INSERT INTO `productimage` VALUES (587, 1, 'ff6e400d-d662-41cc-b306-5db901495386.jpg', 48);
INSERT INTO `productimage` VALUES (588, 1, '0dd746e5-f0ee-413b-96e5-50673c30903a.jpg', 48);
INSERT INTO `productimage` VALUES (589, 1, '578ef1e7-7e3b-40fb-a8b6-88dec7ff3ef9.jpg', 48);
INSERT INTO `productimage` VALUES (590, 1, '2fe57394-81cd-48ac-b423-d4f0cdb4dc76.jpg', 48);
INSERT INTO `productimage` VALUES (591, 0, 'e385d602-668a-4e6d-afa3-b6cffd63e7e9.jpg', 49);
INSERT INTO `productimage` VALUES (592, 0, '00b3b3e7-df22-4d1f-b383-0603ccf717fc.jpg', 49);
INSERT INTO `productimage` VALUES (593, 0, '20199739-3c8b-42a4-b930-c326321c7070.jpg', 49);
INSERT INTO `productimage` VALUES (594, 0, 'e074a12e-855c-4905-8ff8-44add66e6d19.jpg', 49);
INSERT INTO `productimage` VALUES (595, 1, '91649831-b127-4573-acf2-52fab1128311.jpg', 49);
INSERT INTO `productimage` VALUES (596, 1, 'd9dfbc8f-8e6c-496c-ac3f-1003fa9b1568.jpg', 49);
INSERT INTO `productimage` VALUES (597, 1, '56c5b047-b712-4850-a183-ce7f3106724d.jpg', 49);
INSERT INTO `productimage` VALUES (598, 1, '3b0dc623-f8d5-4fb9-96a7-ebe253fdb2d3.jpg', 49);
INSERT INTO `productimage` VALUES (599, 1, 'abe464d4-db12-454a-b7aa-40a722b782bc.jpg', 49);
INSERT INTO `productimage` VALUES (600, 1, 'd207a5d8-b567-4953-898e-32d95f414c0b.jpg', 49);
INSERT INTO `productimage` VALUES (601, 1, '038a5b3b-e523-4be5-b4cf-8e4712958dc4.jpg', 49);
INSERT INTO `productimage` VALUES (602, 1, 'a8c8c915-5335-4f63-9931-d179edd34ad4.jpg', 49);
INSERT INTO `productimage` VALUES (603, 0, '70e9fc67-c60e-428d-8b40-41f622dff26b.jpg', 50);
INSERT INTO `productimage` VALUES (604, 0, 'd1a4f51d-250a-44fb-a94c-f199bdc017d6.jpg', 50);
INSERT INTO `productimage` VALUES (605, 0, '7891e8a9-ef46-45a5-8993-cfff8a66c4a0.jpg', 50);
INSERT INTO `productimage` VALUES (606, 0, '7aa3e502-cfd3-4622-a059-c4da03e7b7c7.jpg', 50);
INSERT INTO `productimage` VALUES (607, 1, '3fc811fd-2635-4bf4-8afa-183b0014ff3d.jpg', 50);
INSERT INTO `productimage` VALUES (608, 1, 'a7cc15d6-5279-434c-92e4-6933bd741363.jpg', 50);
INSERT INTO `productimage` VALUES (609, 1, '5ab03562-ff85-48ec-9a8a-529ad6f5cd0b.jpg', 50);
INSERT INTO `productimage` VALUES (610, 1, 'a4d2152f-bef9-43bd-aa7a-ab79850dec8e.jpg', 50);
INSERT INTO `productimage` VALUES (611, 1, '4e49fca2-570b-4394-b9ba-78f67511e693.jpg', 50);
INSERT INTO `productimage` VALUES (612, 1, 'aa8750f0-66c7-4576-9398-d2af6e3c247e.jpg', 50);
INSERT INTO `productimage` VALUES (613, 1, 'cd0aae4a-8ea4-49d5-bb20-13a73857e329.jpg', 50);
INSERT INTO `productimage` VALUES (614, 1, '7e97e0b4-9867-4d36-9bb6-76b6c6ede8bb.jpg', 50);
INSERT INTO `productimage` VALUES (615, 0, '63490732-0045-4238-b464-f14ad13831dc.jpg', 51);
INSERT INTO `productimage` VALUES (616, 0, '97a73049-e607-4521-95d7-feb7d59a1f89.jpg', 51);
INSERT INTO `productimage` VALUES (617, 0, '7cdeb696-7a3d-4af1-9436-d8dd3c4d35c3.jpg', 51);
INSERT INTO `productimage` VALUES (618, 0, 'fe096b44-d518-463d-b256-1fe7700b0365.jpg', 51);
INSERT INTO `productimage` VALUES (619, 1, 'f08badbc-6f10-483c-8b70-9ba00399191a.jpg', 51);
INSERT INTO `productimage` VALUES (620, 1, 'c2b5992c-78a4-48c4-a988-08b212e60557.jpg', 51);
INSERT INTO `productimage` VALUES (621, 1, '13aed4fd-d6fa-43dc-997b-dde3ad7c99d0.jpg', 51);
INSERT INTO `productimage` VALUES (622, 1, '5331f483-8ebc-4f84-8f69-2c2b20989e9d.jpg', 51);
INSERT INTO `productimage` VALUES (623, 1, '0a13212d-e059-4b2c-9bdb-53ea6a9c1713.jpg', 51);
INSERT INTO `productimage` VALUES (624, 1, '44b74190-e09c-42da-bcbc-312a3c7b801a.jpg', 51);
INSERT INTO `productimage` VALUES (625, 1, '13bf6cb4-1f4c-4dc2-82ef-12635d30fb19.jpg', 51);
INSERT INTO `productimage` VALUES (626, 1, '575700a0-9b6a-4272-9bc1-0dea00eb0aae.jpg', 51);
INSERT INTO `productimage` VALUES (627, 0, '40cc1d01-2b34-4e2c-b4f5-9ca171b83e07.jpg', 52);
INSERT INTO `productimage` VALUES (628, 0, '43852208-a66a-47e9-b485-70e49073a803.jpg', 52);
INSERT INTO `productimage` VALUES (629, 0, '0cf7fa49-ed02-4d82-9840-f6b983db0252.jpg', 52);
INSERT INTO `productimage` VALUES (630, 0, '816dffbc-0139-4abf-a965-135d07a8a5b5.jpg', 52);
INSERT INTO `productimage` VALUES (631, 1, 'd95baf3f-20b4-4815-88eb-eb53d1b0b0f8.jpg', 52);
INSERT INTO `productimage` VALUES (632, 1, '6cb1ba80-767a-4453-a374-210bc2eaced6.jpg', 52);
INSERT INTO `productimage` VALUES (633, 1, 'b39cc25b-4413-48e6-bdd3-b54c747644e3.jpg', 52);
INSERT INTO `productimage` VALUES (634, 1, '51f0524e-32cd-4490-ac50-c8d4abadc924.jpg', 52);
INSERT INTO `productimage` VALUES (635, 1, '8b92495b-7a56-492e-a8f9-c103a1216e0a.jpg', 52);
INSERT INTO `productimage` VALUES (636, 1, '3bf6b8a7-e752-42dd-87e5-10891220a2ae.jpg', 52);
INSERT INTO `productimage` VALUES (637, 1, '6549c236-ec8f-45aa-a72b-ea05856dcea5.jpg', 52);
INSERT INTO `productimage` VALUES (638, 1, '7d08f03a-8486-4a46-9d62-fc70228433cb.jpg', 52);
INSERT INTO `productimage` VALUES (639, 0, '588feb6f-7be3-47ec-9ec8-dd3c663e3a12.jpg', 53);
INSERT INTO `productimage` VALUES (640, 0, 'b2ff67b9-58b7-4787-a155-84f92949113c.jpg', 53);
INSERT INTO `productimage` VALUES (641, 0, 'dde5556a-edf4-46ee-885b-e14f2308a36f.jpg', 53);
INSERT INTO `productimage` VALUES (642, 0, '167f71de-078d-428e-a1b7-98a7a6fff75c.jpg', 53);
INSERT INTO `productimage` VALUES (643, 0, '1aa3db71-6cee-4d5c-8779-da6f717df090.jpg', 53);
INSERT INTO `productimage` VALUES (644, 1, 'bf2ecd8a-48d7-4ae8-a445-e2d142d895e8.jpg', 53);
INSERT INTO `productimage` VALUES (645, 1, '247a241f-8cf3-4278-9aab-2af60d34183f.jpg', 53);
INSERT INTO `productimage` VALUES (646, 1, 'eba583a3-9a1e-46ec-9e2c-7f639c44eac1.jpg', 53);
INSERT INTO `productimage` VALUES (647, 1, 'f070de8c-8993-4e89-b139-f9224e30bb64.jpg', 53);
INSERT INTO `productimage` VALUES (648, 1, 'eaf18dd4-86e5-4a14-8131-f36a54beae37.jpg', 53);
INSERT INTO `productimage` VALUES (649, 1, '49ae5c64-1c7e-42fe-ae8e-8bbb4e5b5a65.jpg', 53);
INSERT INTO `productimage` VALUES (650, 1, '6e6599e0-7a76-48f6-8e1e-c1e784cc23a8.jpg', 53);
INSERT INTO `productimage` VALUES (651, 1, 'd0b960e7-d76e-4834-b632-820eac05a11d.jpg', 53);
INSERT INTO `productimage` VALUES (652, 0, '075d74bb-67e1-45d5-a672-c2b226842c56.jpg', 54);
INSERT INTO `productimage` VALUES (653, 0, '3e4cfaa6-4956-4b28-b8e8-50217560eb33.jpg', 54);
INSERT INTO `productimage` VALUES (654, 0, '9baed852-ae19-4a98-a745-171f1ba4ae7b.jpg', 54);
INSERT INTO `productimage` VALUES (655, 0, 'b9102294-8d5f-4cc9-b73b-2dbd76dfe5cd.jpg', 54);
INSERT INTO `productimage` VALUES (656, 1, '65e3a9c0-c10a-4b44-baa8-d9699f8a9215.jpg', 54);
INSERT INTO `productimage` VALUES (657, 1, 'ecb29b39-49e2-4e22-9b3f-712bd620c746.jpg', 54);
INSERT INTO `productimage` VALUES (658, 1, 'cd2a0d6f-6f75-4fb0-beb4-9b5eece577b7.jpg', 54);
INSERT INTO `productimage` VALUES (659, 1, '5ed4286f-7964-4cf6-a7b7-dd1a065ee01f.jpg', 54);
INSERT INTO `productimage` VALUES (660, 0, '46e6a5b5-57eb-463a-bd64-1feb94ecd626.jpg', 55);
INSERT INTO `productimage` VALUES (661, 0, '3230a348-f83c-41ab-afaf-636a34546ccb.jpg', 55);
INSERT INTO `productimage` VALUES (662, 0, '0c3301ba-6af4-473f-a37b-a394935df0ad.jpg', 55);
INSERT INTO `productimage` VALUES (663, 0, 'b2566c88-0bd8-400d-b3b3-2a807c70dd32.jpg', 55);
INSERT INTO `productimage` VALUES (664, 0, '2b64313b-3942-44c3-9857-bcc1972e68cd.jpg', 55);
INSERT INTO `productimage` VALUES (665, 1, 'f933786e-a5df-476f-839f-aed0deb3846a.jpg', 55);
INSERT INTO `productimage` VALUES (666, 1, '23809975-710d-44bc-b164-40af627881e4.jpg', 55);
INSERT INTO `productimage` VALUES (667, 1, '1493e0be-ccba-4b08-83cc-52e3852e5955.jpg', 55);
INSERT INTO `productimage` VALUES (668, 1, 'ac318682-0688-48d5-a1b5-fb0ea26ef3d5.jpg', 55);
INSERT INTO `productimage` VALUES (669, 1, '6a951730-2be8-48cf-9df8-2c2a327f4f25.jpg', 55);
INSERT INTO `productimage` VALUES (670, 1, '78a1d5b1-071b-46bb-84e9-23237566d083.jpg', 55);
INSERT INTO `productimage` VALUES (671, 0, '9e893770-057a-43ef-9cd7-dfe5a652f413.jpg', 56);
INSERT INTO `productimage` VALUES (672, 0, 'ce1b4da5-f802-4c83-a5f1-106b77a880cf.jpg', 56);
INSERT INTO `productimage` VALUES (673, 0, 'f42f7a3e-ff10-47d3-867c-b23684af6e25.jpg', 56);
INSERT INTO `productimage` VALUES (674, 0, 'f1c0932b-9f4c-4bcc-af1c-824b1854c465.jpg', 56);
INSERT INTO `productimage` VALUES (675, 1, '26291bc3-fe54-45f5-b8ec-a9a46f76085d.png', 56);
INSERT INTO `productimage` VALUES (676, 1, 'f27307f5-b8d3-4d7d-8be0-3046aa668c63.png', 56);
INSERT INTO `productimage` VALUES (677, 1, '087e08a1-4e92-4018-85a8-3c2104f3fddd.png', 56);
INSERT INTO `productimage` VALUES (678, 1, '1b1c4312-d2c7-44cc-a8f3-feca55a5e3b8.png', 56);
INSERT INTO `productimage` VALUES (679, 1, '0b054aae-d229-467d-af67-d906295bd862.png', 56);
INSERT INTO `productimage` VALUES (680, 1, 'd57e20f9-2474-4231-a755-766dda702aad.png', 56);
INSERT INTO `productimage` VALUES (681, 1, '45298afe-9cde-4377-a142-2dcac0a49d9e.png', 56);
INSERT INTO `productimage` VALUES (682, 1, 'f035a6d3-495c-4622-9458-d469f223aa3e.png', 56);
INSERT INTO `productimage` VALUES (683, 0, 'e9e9492b-9b9c-4067-9a43-b6ef41b13dab.jpg', 57);
INSERT INTO `productimage` VALUES (684, 0, 'ce4585f4-80ab-4443-8589-92e4a2fbfe8b.jpg', 57);
INSERT INTO `productimage` VALUES (685, 0, '9725ce4c-92f9-410f-85f8-f8952b0b60f3.jpg', 57);
INSERT INTO `productimage` VALUES (686, 0, '06286fc9-aa03-4827-9406-9d9c104c9cea.jpg', 57);
INSERT INTO `productimage` VALUES (687, 0, 'c87afc68-378a-4022-9002-4639ecd719db.jpg', 57);
INSERT INTO `productimage` VALUES (688, 1, 'af31e743-fd74-41d5-b55f-555ebe3ad0ea.jpg', 57);
INSERT INTO `productimage` VALUES (689, 1, '99234dfe-9de5-4ff5-892a-c16eeb9c17b3.jpg', 57);
INSERT INTO `productimage` VALUES (690, 1, '5551c0f9-1510-44fd-983d-46c61b8227d1.jpg', 57);
INSERT INTO `productimage` VALUES (691, 0, '62082f83-6217-48c9-a223-18d57f7d6cb3.jpg', 58);
INSERT INTO `productimage` VALUES (692, 0, '1dbf6e58-75d1-43a1-8fc9-3d2564ab0ac2.jpg', 58);
INSERT INTO `productimage` VALUES (693, 0, '4ac9d866-d5a1-4c8c-b0c4-d5c8da8de935.jpg', 58);
INSERT INTO `productimage` VALUES (694, 0, 'fb988551-5060-43b7-959d-a38ae64ba944.jpg', 58);
INSERT INTO `productimage` VALUES (695, 0, 'cbe30ac0-5f57-4ef0-93fe-987f97e965e5.jpg', 58);
INSERT INTO `productimage` VALUES (696, 1, 'ef73bb27-369f-40d6-85be-9c863829bef8.jpg', 58);
INSERT INTO `productimage` VALUES (697, 1, '284ed233-8253-4a9f-b04b-111a54530cb7.jpg', 58);
INSERT INTO `productimage` VALUES (698, 1, '9f781cb0-545b-4338-aea9-481971b564b8.jpg', 58);
INSERT INTO `productimage` VALUES (699, 1, '0f86e616-8dc6-4bd8-abba-4e3bbad5c6f6.jpg', 58);
INSERT INTO `productimage` VALUES (700, 1, 'af0466c0-161f-42ac-8747-c1ec4fbade67.jpg', 58);
INSERT INTO `productimage` VALUES (701, 1, 'dd05bf12-0de9-4ee5-92a3-341f66b7f434.jpg', 58);
INSERT INTO `productimage` VALUES (702, 1, '6d0c850d-5d6b-44b0-91ee-404a6afb3069.jpg', 58);
INSERT INTO `productimage` VALUES (703, 1, 'e8e068a4-92b9-49b7-9777-22ec6fc5c56e.jpg', 58);
INSERT INTO `productimage` VALUES (704, 0, '4f884c97-fcd8-49c1-af51-8b27009be28f.jpg', 59);
INSERT INTO `productimage` VALUES (705, 0, 'b71aece9-f816-4636-96b8-2b09f9a08f83.jpg', 59);
INSERT INTO `productimage` VALUES (706, 0, 'afd2ff7d-8e33-43a2-a660-3e474667fa20.jpg', 59);
INSERT INTO `productimage` VALUES (707, 0, '47e1e298-a95f-404f-b623-e343f81396d0.jpg', 59);
INSERT INTO `productimage` VALUES (708, 0, 'c2d5ee0e-5f47-414d-a8c7-a78ddc578265.jpg', 59);
INSERT INTO `productimage` VALUES (709, 1, '2fbaab9d-5cb0-4cb8-a26d-15f5be5da6de.jpg', 59);
INSERT INTO `productimage` VALUES (710, 1, '72b4d9ea-e8c8-4f46-a3d6-03dbd7a964d8.jpg', 59);
INSERT INTO `productimage` VALUES (711, 1, 'ff991b6b-c71e-4887-a4d5-1caa52590920.jpg', 59);
INSERT INTO `productimage` VALUES (712, 1, '0ac9ef0e-5c80-4a2f-a657-a6b0856b2300.jpg', 59);
INSERT INTO `productimage` VALUES (713, 0, 'd792426f-b6b9-42c9-9999-1972fb4bfb20.jpg', 60);
INSERT INTO `productimage` VALUES (714, 0, 'f9f5c72e-051b-494a-a19e-e4fcd409f450.jpg', 60);
INSERT INTO `productimage` VALUES (715, 0, '74d20ff4-e6d5-4a50-a375-842f7e9a1016.jpg', 60);
INSERT INTO `productimage` VALUES (716, 0, 'e8b19191-83c7-4d47-92c9-5dc3af688331.jpg', 60);
INSERT INTO `productimage` VALUES (717, 0, 'd928ec2d-bffc-4a71-aa66-13c16d9ac75e.jpg', 60);
INSERT INTO `productimage` VALUES (718, 1, '05d46c77-9727-4193-9a44-1fdc13f03630.jpg', 60);
INSERT INTO `productimage` VALUES (719, 1, 'bdc98c26-8f63-4a47-ad7a-ca8b7f00fdbf.jpg', 60);
INSERT INTO `productimage` VALUES (720, 1, 'bfcc43ca-eca4-4108-ae05-f461736b80e2.jpg', 60);
INSERT INTO `productimage` VALUES (721, 1, '030120ee-1e05-4a12-8494-e0d928cbdabb.jpg', 60);
INSERT INTO `productimage` VALUES (722, 1, '6e2e6497-40ea-49f5-96f9-f8f8999d3ef3.jpg', 60);
INSERT INTO `productimage` VALUES (723, 1, '908081d3-60b7-4b1d-93b3-626259c80436.jpg', 60);
INSERT INTO `productimage` VALUES (724, 0, '50fde06e-f38d-47e0-8dbb-e2b7c822b842.jpg', 61);
INSERT INTO `productimage` VALUES (725, 0, 'ad720e52-8e02-4b40-9f29-dbf8ec72cc13.jpg', 61);
INSERT INTO `productimage` VALUES (726, 0, '3324e208-78ee-46fe-9142-1b9215c6b05e.jpg', 61);
INSERT INTO `productimage` VALUES (727, 0, '211f15ba-0f19-4219-8c9d-d57935902cac.jpg', 61);
INSERT INTO `productimage` VALUES (728, 0, 'a8a65f02-817a-4843-bf5e-b79db9b77e3a.jpg', 61);
INSERT INTO `productimage` VALUES (729, 1, '078e4330-f50f-4daa-8ebb-3a523c67a8ed.jpg', 61);
INSERT INTO `productimage` VALUES (730, 1, '56cf3d33-0c7a-4aa2-83c3-4241c93a6b5f.jpg', 61);
INSERT INTO `productimage` VALUES (731, 1, '75131251-f599-45b8-8e4b-f0916e2ea021.jpg', 61);
INSERT INTO `productimage` VALUES (732, 1, '9295e297-2d4f-4836-b114-cee730ad853d.jpg', 61);
INSERT INTO `productimage` VALUES (733, 1, '7ae2157b-d78e-4719-88fe-28900b5a3338.jpg', 61);
INSERT INTO `productimage` VALUES (734, 0, '7888fd12-fa9e-4f11-8e66-3121877ef766.jpg', 62);
INSERT INTO `productimage` VALUES (735, 0, '1bcb9162-2ca2-4966-9241-0bc35402723d.jpg', 62);
INSERT INTO `productimage` VALUES (736, 0, '9bfa0f22-8ac1-41c4-add2-145b7629b6d1.jpg', 62);
INSERT INTO `productimage` VALUES (737, 0, '31a1b8b4-2c7e-4a90-a2a8-e067cc72bd59.jpg', 62);
INSERT INTO `productimage` VALUES (738, 0, 'aef81282-a358-4bec-a031-08795cc29c3f.jpg', 62);
INSERT INTO `productimage` VALUES (739, 1, '7b2ad95f-5d84-4eee-9a3b-7f8a686c1bbf.jpg', 62);
INSERT INTO `productimage` VALUES (740, 1, '4e3f55be-302b-47eb-b551-b601277d2f43.jpg', 62);
INSERT INTO `productimage` VALUES (741, 1, '278e1a7c-dc26-4b1a-b100-a6eb9f699da8.jpg', 62);
INSERT INTO `productimage` VALUES (742, 0, 'c905e661-6f50-485d-9dfd-99001e821008.jpg', 63);
INSERT INTO `productimage` VALUES (743, 0, '0f223da4-4681-46ca-9aba-060adc32759a.jpg', 63);
INSERT INTO `productimage` VALUES (744, 0, 'cd933063-aaf3-48df-8aea-af80d3364733.jpg', 63);
INSERT INTO `productimage` VALUES (745, 0, 'ac5dcedc-a8b5-4359-a99e-f6b580546c51.jpg', 63);
INSERT INTO `productimage` VALUES (746, 0, '8d618c10-61c9-4b4a-9536-16979433aec0.jpg', 63);
INSERT INTO `productimage` VALUES (747, 1, '0914deb9-350f-4419-b985-4bb9b5555ef6.jpg', 63);
INSERT INTO `productimage` VALUES (748, 1, 'feae19a5-30e7-4ef2-849c-232243608174.jpg', 63);
INSERT INTO `productimage` VALUES (749, 1, '2495772a-d13c-4a17-8b96-dc8a2cfefdcf.jpg', 63);
INSERT INTO `productimage` VALUES (750, 1, '789c77e1-6ec5-4239-9df0-ea9488e6c958.jpg', 63);
INSERT INTO `productimage` VALUES (751, 1, '604b0734-1d3c-4d88-ba40-fc05e3edf2f2.jpg', 63);
INSERT INTO `productimage` VALUES (752, 1, '98d54f11-3d31-4cf4-8030-b1288b928350.jpg', 63);
INSERT INTO `productimage` VALUES (753, 1, '5c2f44d7-54cf-42ec-b7b5-87611459a19d.jpg', 63);
INSERT INTO `productimage` VALUES (754, 1, 'a38b857f-5dc6-4099-ab36-0d46118c4a16.jpg', 63);
INSERT INTO `productimage` VALUES (755, 0, '355630e0-e686-4b68-9fc1-e503bcf8dfd1.jpg', 64);
INSERT INTO `productimage` VALUES (756, 0, '5d81794c-38aa-45e8-9133-7bd37bb8ab98.jpg', 64);
INSERT INTO `productimage` VALUES (757, 0, 'ce5c9d70-a605-43ce-aa78-8e9dcbc7138e.jpg', 64);
INSERT INTO `productimage` VALUES (758, 0, '129eeb89-eeba-4d40-97db-1513558f7353.jpg', 64);
INSERT INTO `productimage` VALUES (759, 0, '347c749c-15ba-4a36-9891-f15812b71f92.jpg', 64);
INSERT INTO `productimage` VALUES (760, 1, '82b8254e-e456-44b3-a2ff-737611098f0d.jpg', 64);
INSERT INTO `productimage` VALUES (761, 1, 'edd36c88-c422-4763-9e99-732dfb71ab6d.jpg', 64);
INSERT INTO `productimage` VALUES (762, 1, '5f25fd23-b7c5-4845-8cab-996dcf5d357f.jpg', 64);
INSERT INTO `productimage` VALUES (763, 1, '7e31e7ad-dd50-4927-8f00-17141069c028.jpg', 64);
INSERT INTO `productimage` VALUES (764, 1, '911df381-d62e-46b0-80b2-f681dc52ba0c.jpg', 64);
INSERT INTO `productimage` VALUES (765, 1, 'c300d19e-eb85-4401-b4e9-03b6021952e0.jpg', 64);
INSERT INTO `productimage` VALUES (766, 1, '243d0706-17a5-45c4-869b-97da1e44a34d.jpg', 64);
INSERT INTO `productimage` VALUES (767, 1, '5c1614e8-cbda-4625-a6a8-5c7e6a304aca.jpg', 64);
INSERT INTO `productimage` VALUES (768, 0, '56f85a22-c86c-4d33-8139-b3d691b72a49.jpg', 65);
INSERT INTO `productimage` VALUES (769, 0, 'b89737a6-2607-493b-8c14-68c28fc63bcd.jpg', 65);
INSERT INTO `productimage` VALUES (770, 0, '87e89a62-242b-4d8b-83f2-78345bbd9a72.jpg', 65);
INSERT INTO `productimage` VALUES (771, 0, '268f8e79-ba72-4b70-b740-8896cbb2ce42.jpg', 65);
INSERT INTO `productimage` VALUES (772, 0, '925bf80a-8043-4a40-a8fc-dda19bd7fe9b.jpg', 65);
INSERT INTO `productimage` VALUES (773, 1, 'aff90b4d-fb13-4980-a754-188affdc25c0.jpg', 65);
INSERT INTO `productimage` VALUES (774, 1, 'a0e4ab03-ffb8-4d81-9835-670523163ef3.jpg', 65);
INSERT INTO `productimage` VALUES (775, 1, 'f7808753-a39d-4d03-bd7d-89ae08866647.jpg', 65);
INSERT INTO `productimage` VALUES (776, 1, '5187fca1-fa3f-4935-8b1f-137315215764.jpg', 65);
INSERT INTO `productimage` VALUES (777, 1, '16fb3545-db18-40e8-8305-4de4e53549c6.jpg', 65);
INSERT INTO `productimage` VALUES (778, 1, '6f35d289-9cc5-49df-b13b-e43b48b33791.jpg', 65);
INSERT INTO `productimage` VALUES (779, 0, 'a9d2f298-c7b9-46e7-ba4d-499c058b1ddc.jpg', 66);
INSERT INTO `productimage` VALUES (780, 0, '1204dc3b-8ff6-45c4-abb3-1efcd813493c.jpg', 66);
INSERT INTO `productimage` VALUES (781, 0, '0f9b5a09-6257-4550-97d9-4940416e0c5e.jpg', 66);
INSERT INTO `productimage` VALUES (782, 0, '7aae8c69-edef-4af6-b97f-742016b9e725.jpg', 66);
INSERT INTO `productimage` VALUES (783, 0, 'c3b8d87e-6ce1-4289-a5cf-23d76f650930.jpg', 66);
INSERT INTO `productimage` VALUES (784, 0, '85393363-e3a5-4b11-8164-947a62448e38.jpg', 67);
INSERT INTO `productimage` VALUES (785, 0, '65f441e2-48c1-4027-8e1e-46e8ca13a530.jpg', 67);
INSERT INTO `productimage` VALUES (786, 0, '42a5af82-d7ad-4588-8f08-76e484d60f6b.jpg', 67);
INSERT INTO `productimage` VALUES (787, 0, '45aac8fb-3e94-49b2-bb6d-fb3284c2e40c.jpg', 67);
INSERT INTO `productimage` VALUES (788, 0, '6d3dbf0e-05b5-4589-9018-7230befc55e4.jpg', 67);
INSERT INTO `productimage` VALUES (789, 1, 'e031b33e-4806-4a23-952b-14a9d122c11f.jpg', 67);
INSERT INTO `productimage` VALUES (790, 1, '124394ff-c8c5-4bd0-b165-b2448fc06640.jpg', 67);
INSERT INTO `productimage` VALUES (791, 1, '05ad5ae2-87ca-44ac-915c-22f75c7b35a2.jpg', 67);
INSERT INTO `productimage` VALUES (792, 0, 'd007bb8d-a671-4bb8-9cb3-f2dbc5b14359.jpg', 68);
INSERT INTO `productimage` VALUES (793, 0, '80387fc3-586a-426c-90f3-f9115e36af1c.jpg', 68);
INSERT INTO `productimage` VALUES (794, 0, 'f1c9bb4f-65a5-40c0-ac6a-4320267c5815.jpg', 68);
INSERT INTO `productimage` VALUES (795, 0, '94e4388d-bf7f-499f-8ffa-d738322f6ab2.jpg', 68);
INSERT INTO `productimage` VALUES (796, 0, '43875e6c-7591-4490-a631-60333e8726fd.jpg', 68);
INSERT INTO `productimage` VALUES (797, 1, '60c95441-66cd-4f3f-8dd4-4ea26d8c566f.jpg', 68);
INSERT INTO `productimage` VALUES (798, 1, '6d40d432-f169-4417-9c2e-76a155633bc8.jpg', 68);
INSERT INTO `productimage` VALUES (799, 1, '612fc664-c8a3-42c0-8913-c3b9fa358f6e.jpg', 68);
INSERT INTO `productimage` VALUES (800, 1, '9b7160af-a2b5-404f-abc9-dd7c0c06cce1.jpg', 68);
INSERT INTO `productimage` VALUES (801, 1, '3275e7fa-e3a3-43a1-9854-66d0faf0ede9.jpg', 68);
INSERT INTO `productimage` VALUES (802, 0, '55e5e23e-4c8f-4a6e-9429-a203f543fdb3.jpg', 69);
INSERT INTO `productimage` VALUES (803, 0, 'b2b2e666-7226-4352-9693-2134a6e93d9d.jpg', 69);
INSERT INTO `productimage` VALUES (804, 0, 'c58622ca-806c-4da1-848a-c7df4b8e0ce4.jpg', 69);
INSERT INTO `productimage` VALUES (805, 0, '737b72fd-0eb2-4ad0-86d8-8a0ef143d2fb.jpg', 69);
INSERT INTO `productimage` VALUES (806, 0, 'd7fa190e-eec1-48e6-a44a-73a33f237586.jpg', 69);
INSERT INTO `productimage` VALUES (807, 1, 'e136d861-a221-4c15-a245-e6fc61f081aa.jpg', 69);
INSERT INTO `productimage` VALUES (808, 1, '00bbf7a3-c778-4871-b91f-b6f2d67db406.jpg', 69);
INSERT INTO `productimage` VALUES (809, 1, 'a1d23b43-5fea-4bf7-8220-4591991108b6.jpg', 69);
INSERT INTO `productimage` VALUES (810, 1, 'a16a3549-d6cb-40d3-aa76-8de494f379d3.jpg', 69);
INSERT INTO `productimage` VALUES (811, 1, '23830d89-5b7b-42b3-b18f-ac72023bb63a.jpg', 69);
INSERT INTO `productimage` VALUES (812, 0, '8442d0c7-9cf0-4edd-b760-aeb81763a321.jpg', 70);
INSERT INTO `productimage` VALUES (813, 0, '95f014d5-c10c-4617-b1f6-c5db58e5e3fb.jpg', 70);
INSERT INTO `productimage` VALUES (814, 0, '1bda5c4c-2b7b-4542-af3d-31ab47dfc0e8.jpg', 70);
INSERT INTO `productimage` VALUES (815, 0, '71909ea0-d7d3-45a5-908a-4baedf79e879.jpg', 70);
INSERT INTO `productimage` VALUES (816, 0, '6ebe8dd1-2a86-4147-a425-415b0297b590.jpg', 70);
INSERT INTO `productimage` VALUES (817, 0, '5a79062c-f421-4bdd-871a-59ca6e07c810.jpg', 71);
INSERT INTO `productimage` VALUES (818, 0, '2cae07cb-bb9b-4e75-a4a0-1e6bab2d0ec8.jpg', 71);
INSERT INTO `productimage` VALUES (819, 0, '80cf9a8a-b9cd-487c-94a9-1319247e6b91.jpg', 71);
INSERT INTO `productimage` VALUES (820, 0, 'bcc5c6a4-4476-49ee-8dda-05cdb3040feb.jpg', 71);
INSERT INTO `productimage` VALUES (821, 0, '310f39fa-6534-4c5c-9fce-bcae9ebb1dbc.jpg', 71);
INSERT INTO `productimage` VALUES (822, 1, '4d4e8fbe-112c-4464-92b2-b1f0716f3a59.jpg', 71);
INSERT INTO `productimage` VALUES (823, 1, '575262d3-5da8-499d-8dd0-07f8a5946770.jpg', 71);
INSERT INTO `productimage` VALUES (824, 1, '6bc11132-a82d-497b-b414-8e67da770454.jpg', 71);
INSERT INTO `productimage` VALUES (825, 1, '6b61ceac-9bc2-49c7-9b78-47c49ff2d639.jpg', 71);
INSERT INTO `productimage` VALUES (826, 1, 'e025898b-ce45-4ca3-8fc7-cee108f6eef9.jpg', 71);
INSERT INTO `productimage` VALUES (827, 1, '1431614b-f504-4d77-9e13-57a12474c3f3.jpg', 71);
INSERT INTO `productimage` VALUES (828, 1, '3c44185c-5f31-4eb8-8f77-f7bfb8a9bd38.jpg', 71);
INSERT INTO `productimage` VALUES (829, 1, '221dda3f-cb27-4439-838f-e294d7448365.jpg', 71);
INSERT INTO `productimage` VALUES (830, 0, 'e37f3c63-af8a-4649-9b9a-13c40cf3bb55.jpg', 72);
INSERT INTO `productimage` VALUES (831, 0, '1795cfee-17f7-4819-ac57-9a8391bf97d6.jpg', 72);
INSERT INTO `productimage` VALUES (832, 0, 'a7c92a21-07fd-4115-aeda-d92d15a72511.jpg', 72);
INSERT INTO `productimage` VALUES (833, 0, 'd976df57-6ddb-478a-aa3b-b966aeed907d.jpg', 72);
INSERT INTO `productimage` VALUES (834, 0, 'faa55484-d76a-4785-91df-d262e46b3d8f.jpg', 72);
INSERT INTO `productimage` VALUES (835, 1, '8d18d15b-dfd5-4ec1-85ce-94a1cd4a7cc8.jpg', 72);
INSERT INTO `productimage` VALUES (836, 1, '99a92e20-4298-4e6f-99b0-c5c3d50f9e95.jpg', 72);
INSERT INTO `productimage` VALUES (837, 1, '126db663-e313-48fa-bc02-2fe89e63696d.jpg', 72);
INSERT INTO `productimage` VALUES (838, 1, 'e2c7c923-e6d1-457f-ba9b-f2b0f8ac59fc.jpg', 72);
INSERT INTO `productimage` VALUES (839, 1, 'be436665-75d9-4296-a827-fd3032cff539.jpg', 72);
INSERT INTO `productimage` VALUES (840, 1, 'e354dab1-a3c6-4b04-ae62-a6311927b0ff.jpg', 72);
INSERT INTO `productimage` VALUES (841, 0, '24166bee-b950-4f17-a520-b04baf3d5866.jpg', 73);
INSERT INTO `productimage` VALUES (842, 0, '2d90a056-a136-480f-bf53-1ad8676cdc16.jpg', 73);
INSERT INTO `productimage` VALUES (843, 0, '34b48541-8d1e-4f78-8b6a-9fecb9f3e6bd.jpg', 73);
INSERT INTO `productimage` VALUES (844, 0, '5f9f93c0-fea5-4b6a-b33a-4947a9ebd539.jpg', 73);
INSERT INTO `productimage` VALUES (845, 0, 'f179c81b-2944-47bb-8360-9499fb1784ca.jpg', 73);
INSERT INTO `productimage` VALUES (846, 1, 'ea1aecba-8e8c-4f5c-a8d2-088ecbb5d5e7.jpg', 73);
INSERT INTO `productimage` VALUES (847, 1, '2a08d5c0-ff05-4599-8fca-52356952b046.jpg', 73);
INSERT INTO `productimage` VALUES (848, 0, '79dc556a-e72c-4faa-b315-7a740c3c3297.jpg', 74);
INSERT INTO `productimage` VALUES (849, 0, '2eab90c5-fb07-4ceb-a14c-03461853c4dc.jpg', 74);
INSERT INTO `productimage` VALUES (850, 0, '13cb37c1-6152-4b5b-b7f7-b7b84ec6d5b7.jpg', 74);
INSERT INTO `productimage` VALUES (851, 0, '9f038513-2ecc-4405-a791-31c2b285dcf8.jpg', 74);
INSERT INTO `productimage` VALUES (852, 0, 'c3e508e0-f9b9-4fa2-b7bf-5c745c533178.jpg', 74);
INSERT INTO `productimage` VALUES (853, 1, '7b03324e-abc4-4ea3-bbe7-7c3d143b9479.jpg', 74);
INSERT INTO `productimage` VALUES (854, 1, '56915464-ed59-42fd-a591-e62a56262887.jpg', 74);
INSERT INTO `productimage` VALUES (855, 1, 'fd704e75-94a7-4d0b-89ea-69c2affab5bd.jpg', 74);
INSERT INTO `productimage` VALUES (856, 1, '92331a6c-d2c0-4bb6-b814-80e4f9286207.jpg', 74);
INSERT INTO `productimage` VALUES (857, 1, '1c63dbac-eaed-4b67-97e2-2012fe6f2b25.jpg', 74);
INSERT INTO `productimage` VALUES (858, 1, '4f9f7d4a-4132-4b43-bc62-c9c0ef8444d8.jpg', 74);
INSERT INTO `productimage` VALUES (859, 1, '00fc3d59-07cc-4ff1-97d1-848287536b65.jpg', 74);
INSERT INTO `productimage` VALUES (860, 1, '02d597f5-b9f0-4fbf-9897-175a2492bb5b.jpg', 74);
INSERT INTO `productimage` VALUES (861, 0, '7fa8a22d-c479-4818-8287-5ef0b49318cd.jpg', 75);
INSERT INTO `productimage` VALUES (862, 0, '9204995e-1506-4c1f-bf36-a312c31e920f.jpg', 75);
INSERT INTO `productimage` VALUES (863, 0, '859b70e4-2796-45cd-9fc8-a2c69d6bc38f.jpg', 75);
INSERT INTO `productimage` VALUES (864, 0, 'e344a142-085d-4869-b765-a69f11688268.jpg', 75);
INSERT INTO `productimage` VALUES (865, 0, '417ffceb-131d-402d-a5dc-d71fa64d3da1.jpg', 75);
INSERT INTO `productimage` VALUES (866, 1, '01646e17-edc9-4c9d-9eac-3c9ea4dd4e60.jpg', 75);
INSERT INTO `productimage` VALUES (867, 0, 'f8ec441a-b14c-4020-8fa4-c0b830840b94.jpg', 76);
INSERT INTO `productimage` VALUES (868, 0, '6f6bdef1-0507-4e15-a703-94f53a8b9680.jpg', 76);
INSERT INTO `productimage` VALUES (869, 0, '1ef79ca6-3db3-4383-8810-a88bd3222669.jpg', 76);
INSERT INTO `productimage` VALUES (870, 0, 'e77bf380-5680-4fa2-9bb6-590abf206dc6.jpg', 76);
INSERT INTO `productimage` VALUES (871, 0, 'f6cc38aa-db05-476c-95ff-ac3e6d72d24b.jpg', 76);
INSERT INTO `productimage` VALUES (872, 1, '1bc588b4-03e4-42f1-9aa6-866e8c0505c5.jpg', 76);
INSERT INTO `productimage` VALUES (873, 1, 'e1c386a5-9a9a-4361-9127-54d173ac370c.jpg', 76);
INSERT INTO `productimage` VALUES (874, 1, '37e07fdb-8a58-4028-ab85-dbb69a3d864c.jpg', 76);
INSERT INTO `productimage` VALUES (875, 1, 'b83a4011-1e03-484b-a59d-149b68d0b39c.jpg', 76);
INSERT INTO `productimage` VALUES (876, 1, 'ef8a490d-8c0f-4016-b16d-30de0ad498fd.jpg', 76);
INSERT INTO `productimage` VALUES (877, 1, '969a38a4-7951-429d-a958-4f6b36976f4f.jpg', 76);
INSERT INTO `productimage` VALUES (878, 1, '7a483de2-859d-4a9b-bca1-60e97b2a3a95.jpg', 76);
INSERT INTO `productimage` VALUES (879, 1, '3fc4f975-4311-4bce-bef1-1c11c600be49.jpg', 76);
INSERT INTO `productimage` VALUES (880, 0, 'ffcde472-33a5-4368-a5eb-5eb6a5640019.jpg', 77);
INSERT INTO `productimage` VALUES (881, 0, '6afdaf32-1123-4ee0-9b56-25b8e0272309.jpg', 77);
INSERT INTO `productimage` VALUES (882, 0, 'a6d5e722-6965-4a04-acd7-a9b111794fc0.jpg', 77);
INSERT INTO `productimage` VALUES (883, 0, 'dcb3b2e1-d658-467f-9042-1a7cd1584afb.jpg', 77);
INSERT INTO `productimage` VALUES (884, 0, 'e065b726-006c-4c40-8a74-c70128ddd285.jpg', 77);
INSERT INTO `productimage` VALUES (885, 1, 'cf3f01da-c343-4f7a-80c3-e174f883cc86.jpg', 77);
INSERT INTO `productimage` VALUES (886, 1, '112b4554-9fcd-49aa-8f34-db7900e7604a.jpg', 77);
INSERT INTO `productimage` VALUES (887, 1, '7ab929bf-fa18-443e-8a0a-597ce306bb3c.jpg', 77);
INSERT INTO `productimage` VALUES (888, 1, 'c306ad7d-488c-44a4-b6d9-c313bef1190f.jpg', 77);
INSERT INTO `productimage` VALUES (889, 1, 'cd50f575-abf1-48ea-ba0c-9cd2f49b4db6.jpg', 77);
INSERT INTO `productimage` VALUES (890, 1, 'f53c45db-055c-4dc5-a7de-bf350eb7c797.jpg', 77);
INSERT INTO `productimage` VALUES (891, 1, 'fd468704-697a-444e-9df4-3de1b3589c2b.jpg', 77);
INSERT INTO `productimage` VALUES (892, 1, '55953b1a-148c-4725-87be-dbb9a1561d39.jpg', 77);
INSERT INTO `productimage` VALUES (893, 0, 'cc9e4efb-4fc6-40f5-9fa1-5a9258ff7163.jpg', 78);
INSERT INTO `productimage` VALUES (894, 0, 'd6c6f75f-e9ad-411f-9884-9475f9e506f7.jpg', 78);
INSERT INTO `productimage` VALUES (895, 0, 'd8d32fe4-8a18-4b65-860b-3b5ec1bd3ccd.jpg', 78);
INSERT INTO `productimage` VALUES (896, 0, '9b769f7d-06b2-420e-804e-c7cc04086db6.jpg', 78);
INSERT INTO `productimage` VALUES (897, 0, '66d40c08-e383-4052-818f-9ee041b98193.jpg', 78);
INSERT INTO `productimage` VALUES (898, 1, 'a9fee366-f252-44e0-9082-49627228301c.jpg', 78);
INSERT INTO `productimage` VALUES (899, 1, 'be58e763-6528-4570-93a7-e447bd0bf934.jpg', 78);
INSERT INTO `productimage` VALUES (900, 1, '6a5051b4-829d-4480-bbd0-0a5c792ac956.jpg', 78);
INSERT INTO `productimage` VALUES (901, 1, 'd6982734-24ad-4dbd-b33b-5997bd79c82d.jpg', 78);
INSERT INTO `productimage` VALUES (902, 1, 'e812e966-d3b2-4801-9b16-f16d454ca30c.jpg', 78);
INSERT INTO `productimage` VALUES (903, 1, '5c9ba5c1-4888-4dd7-ba43-dc1efb402945.jpg', 78);
INSERT INTO `productimage` VALUES (904, 1, 'f841aea9-b808-4a34-b5a1-e97214503dee.jpg', 78);
INSERT INTO `productimage` VALUES (905, 1, 'b63443ff-162b-4cfb-8b37-df192beada5e.jpg', 78);
INSERT INTO `productimage` VALUES (906, 0, '5c85034f-ec06-4357-b0bd-c11a41b91255.jpg', 79);
INSERT INTO `productimage` VALUES (907, 0, '39577f26-766c-419a-904b-2baf77c37aee.jpg', 79);
INSERT INTO `productimage` VALUES (908, 0, '3942cafd-2fab-4158-90b9-909a4eda0f82.jpg', 79);
INSERT INTO `productimage` VALUES (909, 0, '06aa1efc-d128-4814-9bda-d6aacfe77256.jpg', 79);
INSERT INTO `productimage` VALUES (910, 0, '755d19c2-336d-49b9-bce2-7111f052f1d3.jpg', 79);
INSERT INTO `productimage` VALUES (911, 1, '36bd9f0b-6f6b-4fa4-8978-f5bcaaf198ae.jpg', 79);
INSERT INTO `productimage` VALUES (912, 1, '89046552-2890-48b1-9def-e47ea4ba2f07.jpg', 79);
INSERT INTO `productimage` VALUES (913, 1, 'ed2f202c-a4d0-4a5c-9dc5-db52f0e667a2.jpg', 79);
INSERT INTO `productimage` VALUES (914, 1, '9a1f21b0-46ce-4e36-aa90-5a2b46c6d8bd.jpg', 79);
INSERT INTO `productimage` VALUES (915, 1, 'f79bc904-9916-4ce3-a58e-445dde767752.jpg', 79);
INSERT INTO `productimage` VALUES (916, 1, 'dd438f32-e858-42cc-ba8f-7ee665b96b17.jpg', 79);
INSERT INTO `productimage` VALUES (917, 1, 'b4f5d248-845e-4759-a240-6b7e5c05393d.jpg', 79);
INSERT INTO `productimage` VALUES (918, 0, '27da2600-879e-4d7a-b3ad-aa51de455332.jpg', 80);
INSERT INTO `productimage` VALUES (919, 0, 'ae480577-de3a-4c16-a24b-dc46728a46e1.jpg', 80);
INSERT INTO `productimage` VALUES (920, 0, '785f8795-32bd-4b7b-995d-e286b7bf4885.jpg', 80);
INSERT INTO `productimage` VALUES (921, 0, '7484355e-6204-4ea5-98cf-d6b2afe9f2b5.jpg', 80);
INSERT INTO `productimage` VALUES (922, 0, '4dc21507-95ab-4330-b171-f3572aa6b16a.jpg', 80);
INSERT INTO `productimage` VALUES (923, 1, '242701f1-78e2-49c4-bc89-fce67ab34dcd.jpg', 80);
INSERT INTO `productimage` VALUES (924, 0, '863598e8-0ab3-465e-815f-92066dfe6ec6.jpg', 81);
INSERT INTO `productimage` VALUES (925, 0, '05f8a68b-a014-4a12-8f31-16d04755d776.jpg', 81);
INSERT INTO `productimage` VALUES (926, 0, '637b32c8-a35f-4e45-9ef3-8396f43dc731.jpg', 81);
INSERT INTO `productimage` VALUES (927, 0, 'f74a2086-9bf8-4399-b6a7-7679d42c686a.jpg', 81);
INSERT INTO `productimage` VALUES (928, 0, '9c99124d-9ea7-427c-a5fc-4b9465146fb2.jpg', 81);
INSERT INTO `productimage` VALUES (929, 1, 'b6abfa6c-935f-4601-a190-585c5384c628.jpg', 81);
INSERT INTO `productimage` VALUES (930, 1, '27c2d147-9e9e-407c-b6cd-2d5e460521e6.jpg', 81);
INSERT INTO `productimage` VALUES (931, 0, 'dce287fb-6b9c-4abf-8001-d07e4bb41311.jpg', 82);
INSERT INTO `productimage` VALUES (932, 0, '4c0d9496-5817-414c-b202-a746c15aa450.jpg', 82);
INSERT INTO `productimage` VALUES (933, 0, '0327afca-b260-4454-99d1-220f5da0c303.jpg', 82);
INSERT INTO `productimage` VALUES (934, 0, 'e18634cc-3873-41f7-8f39-465d471818be.jpg', 82);
INSERT INTO `productimage` VALUES (935, 1, '5cf9c39c-a5f8-47e0-82b8-70712e8335d6.jpg', 82);
INSERT INTO `productimage` VALUES (936, 0, '0bf4a4d3-18e6-45d7-a0bb-c88452cfdcae.jpg', 83);
INSERT INTO `productimage` VALUES (937, 0, 'd97666bb-3e5d-4f72-a763-4a88e8f970ce.jpg', 83);
INSERT INTO `productimage` VALUES (938, 0, 'bda6c430-8465-47d4-ad15-68d40e016d55.jpg', 83);
INSERT INTO `productimage` VALUES (939, 0, 'c68cc660-e43a-42cb-bce2-373d9d6b2d20.jpg', 83);
INSERT INTO `productimage` VALUES (940, 0, '58b6f7a9-33c2-465e-9ea5-9c70c061287c.jpg', 83);
INSERT INTO `productimage` VALUES (941, 1, 'a343f7ec-c69c-4811-a17f-5931532682c8.jpg', 83);
INSERT INTO `productimage` VALUES (942, 1, '8e3c7772-c8c7-4282-8172-bdcb43adf179.jpg', 83);
INSERT INTO `productimage` VALUES (943, 1, 'd25cb2a8-34a1-44ee-8c7b-8a8e200c3fb9.jpg', 83);
INSERT INTO `productimage` VALUES (944, 1, '9e8f3191-5bd4-4934-9ec3-e7e0871c991c.jpg', 83);
INSERT INTO `productimage` VALUES (945, 1, '83dd685e-e0b6-4bcf-a910-5565fff7e23d.jpg', 83);
INSERT INTO `productimage` VALUES (946, 1, '00e0976a-68cd-4ac8-b632-c849161d6906.jpg', 83);
INSERT INTO `productimage` VALUES (947, 1, 'e5bab5c5-d131-4de5-a36b-73a55ff58a62.jpg', 83);
INSERT INTO `productimage` VALUES (948, 1, '5d2b449a-7a9a-47da-865e-e80523ddd770.jpg', 83);
INSERT INTO `productimage` VALUES (949, 0, 'efa5e8b7-6c99-4271-a20f-2437f91bc25a.jpg', 84);
INSERT INTO `productimage` VALUES (950, 0, '5a61beae-13d5-43ee-b539-4af8288fe47d.jpg', 84);
INSERT INTO `productimage` VALUES (951, 0, 'd8b52608-1db3-42b7-97c5-d1e1f9449ebe.jpg', 84);
INSERT INTO `productimage` VALUES (952, 0, 'eef5cbff-68c4-4df0-95ca-236d9146efdc.jpg', 84);
INSERT INTO `productimage` VALUES (953, 0, '02b236c0-fe24-40c6-ac7f-6306cc999d72.jpg', 84);
INSERT INTO `productimage` VALUES (954, 1, 'eabb1026-ad0e-4cc4-9858-2b20cbb6ffdd.jpg', 84);
INSERT INTO `productimage` VALUES (955, 1, '6a23521a-5235-4e15-abc4-b3c1e9b7f916.jpg', 84);
INSERT INTO `productimage` VALUES (956, 1, 'acdc712f-e814-4c1f-b261-7ab7a0a54d55.jpg', 84);
INSERT INTO `productimage` VALUES (957, 0, '10d6cfe2-23de-4428-9366-68dc0f5c461a.jpg', 45);
INSERT INTO `productimage` VALUES (958, 0, '0c9b32b5-5280-4456-a9f9-c68eb9acf679.jpg', 45);
INSERT INTO `productimage` VALUES (959, 0, '6565c456-2528-4d0f-beb5-0e7d92556486.jpg', 45);
INSERT INTO `productimage` VALUES (960, 0, 'dff56527-004b-4f34-8a30-9e382f385307.jpg', 45);
INSERT INTO `productimage` VALUES (961, 0, 'bdceb5c9-4168-41fd-8d98-8f97b52261e0.jpg', 45);
INSERT INTO `productimage` VALUES (962, 1, 'a9b4ccb1-8489-445f-9212-020a416a81aa.jpg', 45);
INSERT INTO `productimage` VALUES (963, 1, 'd201a9b6-ed72-4709-a81d-4b76d0b72cc1.jpg', 45);
INSERT INTO `productimage` VALUES (964, 1, '2fe0f3ec-113a-4a75-a261-b600302a4fcf.jpg', 45);
INSERT INTO `productimage` VALUES (965, 1, 'd8993e10-7b2e-40ac-beb3-5d07a06e547f.jpg', 45);
INSERT INTO `productimage` VALUES (966, 1, '6841b33f-bb65-45eb-aeea-98da3c65f158.jpg', 45);
INSERT INTO `productimage` VALUES (967, 1, '5691aeb5-2ba3-4d99-9942-631f06e8dbd2.jpg', 45);
INSERT INTO `productimage` VALUES (968, 1, '56d37647-21fe-49e2-ba10-2aa98240503a.jpg', 45);
INSERT INTO `productimage` VALUES (969, 1, 'dff88973-f683-48e2-99bd-01c3d63dacd3.jpg', 45);
INSERT INTO `productimage` VALUES (970, 0, '832fe6a6-84e5-4d6e-95fd-f91c578a20f3.jpg', 46);
INSERT INTO `productimage` VALUES (971, 0, 'abbe98a9-e890-4b90-8506-ccc35af9a1ba.jpg', 46);
INSERT INTO `productimage` VALUES (972, 0, '773d27e2-6aac-45a7-81e6-9a8a524c9d41.jpg', 46);
INSERT INTO `productimage` VALUES (973, 0, '26f24077-fbb0-4d87-91a8-718d77934619.jpg', 46);
INSERT INTO `productimage` VALUES (974, 0, 'f96e39c6-ca1d-4319-b153-bf58e100fa48.jpg', 46);
INSERT INTO `productimage` VALUES (975, 1, '6da3900f-a10c-4705-bfbd-e0f654cc34ad.jpg', 46);
INSERT INTO `productimage` VALUES (976, 1, '4d660ee3-9c2d-4888-abef-afa91c741561.jpg', 46);
INSERT INTO `productimage` VALUES (977, 1, 'f7a46f74-c61c-4cff-b8c4-007d376f9dd3.jpg', 46);
INSERT INTO `productimage` VALUES (978, 1, 'f1824d45-6320-443e-8836-dca1d106d485.jpg', 46);
INSERT INTO `productimage` VALUES (979, 1, 'f57a66c6-f02c-4a92-991c-86c4d5da95db.jpg', 46);
INSERT INTO `productimage` VALUES (980, 1, 'cfae22b3-8379-497f-a6c5-1aaf33fbbf29.jpg', 46);
INSERT INTO `productimage` VALUES (981, 1, '2084d512-f7a4-4afd-bba5-24278fb1529e.jpg', 46);
INSERT INTO `productimage` VALUES (982, 1, 'e8b3b20f-81f5-4754-a77f-58894ff59b12.jpg', 46);
INSERT INTO `productimage` VALUES (983, 0, 'ef12249e-9698-4b75-9b75-2b6cadeda14c.jpg', 44);
INSERT INTO `productimage` VALUES (984, 0, '5a087f53-6aba-452b-bfd6-d804f1a44147.jpg', 44);
INSERT INTO `productimage` VALUES (985, 0, '08d9f9e1-cea8-44ff-af7d-077d94297d37.jpg', 44);
INSERT INTO `productimage` VALUES (986, 0, '9134b87b-45f5-46e5-83ce-2c9e58dfa8ef.jpg', 44);
INSERT INTO `productimage` VALUES (987, 0, '247ca6ef-4547-4e80-b0be-efb8635f6b26.jpg', 44);
INSERT INTO `productimage` VALUES (988, 1, '6cc79227-ad56-4b88-bc42-929763ce8ff3.jpg', 44);
INSERT INTO `productimage` VALUES (989, 1, '54df20bc-9c57-4075-b0be-b0f26939a0e7.jpg', 44);
INSERT INTO `productimage` VALUES (990, 1, '3e8a7abc-5fa2-48f6-9554-91709901e536.jpg', 44);
INSERT INTO `productimage` VALUES (991, 1, '36a34b23-e8db-4d42-a565-4791e1e8a040.png', 44);
INSERT INTO `productimage` VALUES (992, 0, 'e960c83a-9922-460c-9c2b-4e4dadfed8e0.jpg', 47);
INSERT INTO `productimage` VALUES (993, 0, 'da10a899-af39-4903-b16a-231b34982da1.jpg', 47);
INSERT INTO `productimage` VALUES (994, 0, '9fa9b755-7fd5-49cc-9bcd-d3dc4493543d.jpg', 47);
INSERT INTO `productimage` VALUES (995, 0, '85303c13-d52d-4077-b062-523ecd402ba4.jpg', 47);
INSERT INTO `productimage` VALUES (996, 0, '57a51462-ccae-475b-a3dc-9552692d8f69.jpg', 47);
INSERT INTO `productimage` VALUES (997, 1, 'e10dfcf7-de3b-4121-9ca3-f44b7b4d1308.jpg', 47);
INSERT INTO `productimage` VALUES (998, 1, '1bb5557f-73da-43b5-9805-7a90dc9c7b0b.jpg', 47);
INSERT INTO `productimage` VALUES (999, 1, 'eaee6551-fb01-40c9-8185-f5ec4c4f0a83.jpg', 47);
INSERT INTO `productimage` VALUES (1000, 1, '5467c1a3-7e79-4981-8b08-124aa1cd01f5.jpg', 47);
INSERT INTO `productimage` VALUES (1001, 1, '1bc1fffc-acbc-4652-bda0-d325c0c756c1.jpg', 47);
INSERT INTO `productimage` VALUES (1002, 1, 'e00d81a7-5a70-4d32-9943-e4223620aa96.jpg', 47);
INSERT INTO `productimage` VALUES (1003, 1, '44255946-90ad-4301-8ae6-62489aafc5c5.jpg', 47);
INSERT INTO `productimage` VALUES (1004, 1, '251ebb13-fb39-491e-b79e-cc1d008c177f.jpg', 47);
INSERT INTO `productimage` VALUES (1005, 0, '63186053-ff66-4ec2-842c-a527ec525a38.jpg', 43);
INSERT INTO `productimage` VALUES (1006, 0, '5f34c5f3-427e-4cef-ae42-3d6723af3ade.jpg', 43);
INSERT INTO `productimage` VALUES (1007, 0, 'aedba2bf-9c70-46aa-bcff-2691884a4444.jpg', 43);
INSERT INTO `productimage` VALUES (1008, 0, '14788811-2260-4e52-8b0e-a4cf403f37cb.jpg', 43);
INSERT INTO `productimage` VALUES (1009, 0, '1d19a71b-79b4-468d-9888-380bcae42a40.jpg', 43);
INSERT INTO `productimage` VALUES (1010, 1, 'b9fdd4c7-702a-4f44-9b5a-b297cf186fdc.jpg', 43);
INSERT INTO `productimage` VALUES (1011, 1, 'a63bf724-1a71-4118-b787-c765f27de079.jpg', 43);
INSERT INTO `productimage` VALUES (1012, 1, 'ba247f36-d657-4306-81f2-fcb0c1291705.jpg', 43);
INSERT INTO `productimage` VALUES (1013, 1, '01f142d9-6d7e-4c1b-8d76-357777a317a0.jpg', 43);
INSERT INTO `productimage` VALUES (1014, 1, 'cf5c012f-2e4c-4f48-b699-0fc43b90abba.jpg', 43);
INSERT INTO `productimage` VALUES (1015, 1, '6216fb33-c187-46de-a738-8e30d8ef7035.jpg', 43);
INSERT INTO `productimage` VALUES (1016, 1, 'db7b8749-fcf0-44c6-b025-c0fe2e1260fc.jpg', 43);
INSERT INTO `productimage` VALUES (1017, 1, '15bb3165-0538-4bdb-a867-8b8fdeffaea2.jpg', 43);
INSERT INTO `productimage` VALUES (1018, 0, 'e20ce6b1-826b-4d70-baee-60fd21e1a79b.jpg', 42);
INSERT INTO `productimage` VALUES (1019, 0, 'b83fc26c-7101-4e39-ac5e-5a911b7b32a4.jpg', 42);
INSERT INTO `productimage` VALUES (1020, 0, '154abc33-ef2b-4288-b870-cd845c61fe1f.jpg', 42);
INSERT INTO `productimage` VALUES (1021, 0, 'f736ca14-015f-4bde-bea7-738af66bfaa0.jpg', 42);
INSERT INTO `productimage` VALUES (1022, 0, '1567c973-2369-432d-95b9-7ffa20dae729.png', 42);
INSERT INTO `productimage` VALUES (1023, 1, '72c17996-0b07-4fb4-bb18-fc5c964b273e.jpg', 42);
INSERT INTO `productimage` VALUES (1024, 1, 'fad1e6f8-83db-4567-b003-875d4f768217.jpg', 42);
INSERT INTO `productimage` VALUES (1025, 1, '230eeee6-f2ec-44a7-91d1-797c9cff9f3a.jpg', 42);
INSERT INTO `productimage` VALUES (1026, 1, '96816c33-3235-4cab-9d88-07f2ff2201d2.jpg', 42);
INSERT INTO `productimage` VALUES (1027, 1, '69849337-9e75-475b-b414-e2184e00747b.jpg', 42);
INSERT INTO `productimage` VALUES (1028, 1, '311da872-d8f7-48de-a2f4-04f649118b8c.jpg', 42);
INSERT INTO `productimage` VALUES (1029, 1, '6ad4f9c4-5dc6-476e-bd91-f66e360d4cbb.jpg', 42);
INSERT INTO `productimage` VALUES (1030, 1, '9e46b5da-8b62-4cb3-aabb-50c566a9e1a5.jpg', 42);
INSERT INTO `productimage` VALUES (1031, 0, 'fed43545-d54a-4ed7-9b08-3426e23bdba2.png', 85);
INSERT INTO `productimage` VALUES (1032, 1, '3c787218-fda4-4a0e-a248-864e9293379b.jpg', 85);
INSERT INTO `productimage` VALUES (1033, 0, '7e060d8e-4410-4785-8308-db0cdc57ee3f.jpg', 87);
INSERT INTO `productimage` VALUES (1034, 1, '4304883f-5cf1-44cd-a39e-5e142c9fe513.jpg', 87);
INSERT INTO `productimage` VALUES (1035, 0, '1f8fa058-96dd-41c2-9554-96a3250acf98.jpg', 88);
INSERT INTO `productimage` VALUES (1036, 0, '4e7e04df-2040-4c92-be96-a8d94974426a.jpg', 89);

-- ----------------------------
-- Table structure for productorder
-- ----------------------------
DROP TABLE IF EXISTS `productorder`;
CREATE TABLE `productorder`  (
  `productorder_id` int(10) NOT NULL AUTO_INCREMENT,
  `productorder_code` varchar(30) CHARACTER SET utf8 COLLATE utf8_general_ci NOT NULL,
  `productorder_address` char(6) CHARACTER SET utf8 COLLATE utf8_general_ci NOT NULL,
  `productorder_detail_address` varchar(255) CHARACTER SET utf8 COLLATE utf8_general_ci NOT NULL,
  `productorder_post` char(6) CHARACTER SET utf8 COLLATE utf8_general_ci NULL DEFAULT NULL,
  `productorder_receiver` varchar(20) CHARACTER SET utf8 COLLATE utf8_general_ci NOT NULL,
  `productorder_mobile` char(11) CHARACTER SET utf8 COLLATE utf8_general_ci NOT NULL,
  `productorder_pay_date` datetime(0) NOT NULL,
  `productorder_delivery_date` datetime(0) NULL DEFAULT NULL,
  `productorder_confirm_date` datetime(0) NULL DEFAULT NULL,
  `productorder_status` tinyint(1) NOT NULL,
  `productorder_user_id` int(10) NOT NULL,
  PRIMARY KEY (`productorder_id`) USING BTREE,
  UNIQUE INDEX `un_productorder_code`(`productorder_code`) USING BTREE,
  INDEX `productorder_address`(`productorder_address`) USING BTREE,
  INDEX `productorder_ibfk_2`(`productorder_user_id`) USING BTREE,
  CONSTRAINT `productorder_ibfk_1` FOREIGN KEY (`productorder_address`) REFERENCES `address` (`address_areaId`) ON DELETE RESTRICT ON UPDATE RESTRICT,
  CONSTRAINT `productorder_ibfk_2` FOREIGN KEY (`productorder_user_id`) REFERENCES `user` (`user_id`) ON DELETE CASCADE ON UPDATE RESTRICT
) ENGINE = InnoDB AUTO_INCREMENT = 228 CHARACTER SET = utf8 COLLATE = utf8_general_ci ROW_FORMAT = Dynamic;

-- ----------------------------
-- Records of productorder
-- ----------------------------
INSERT INTO `productorder` VALUES (1, '2018050123494601', '610113', '西大新区', '710000', '江小贤', '15319449084', '2018-05-01 23:49:46', '2018-05-03 16:19:47', '2018-05-13 22:08:08', 3, 1);
INSERT INTO `productorder` VALUES (2, '2018050222445401', '610113', '西大新区', '710000', '江小贤', '15319449084', '2018-05-03 16:13:14', '2018-05-04 18:57:51', '2018-05-13 22:48:35', 3, 1);
INSERT INTO `productorder` VALUES (3, '2018050222475401', '610113', '西大新区', '710000', '江小贤', '15319449084', '2018-05-13 14:53:20', '2018-05-13 20:49:19', '2018-05-13 22:50:11', 3, 1);
INSERT INTO `productorder` VALUES (4, '2018050316235501', '610113', '西大新区', '710000', '江小贤', '15319449084', '2018-05-13 14:53:21', '2018-05-13 20:49:19', '2018-05-13 22:50:16', 3, 1);
INSERT INTO `productorder` VALUES (5, '2018050316281101', '610113', '西大新区', '710000', '江小贤', '15319449084', '2018-05-13 14:53:22', '2018-05-13 20:49:20', '2018-05-13 22:50:19', 3, 1);
INSERT INTO `productorder` VALUES (6, '2018050316285701', '610113', '西大新区', '710000', '江小贤', '15319449084', '2018-05-13 14:53:23', '2018-05-13 20:49:21', '2018-05-13 22:50:25', 3, 1);
INSERT INTO `productorder` VALUES (7, '2018050316471301', '610113', '西大新区', '710000', '江小贤', '15319449084', '2018-05-13 14:53:24', '2018-05-13 20:49:24', '2018-05-13 22:50:33', 3, 1);
INSERT INTO `productorder` VALUES (8, '2018050316510701', '610113', '西大新区', '710000', '江小贤', '15319449084', '2018-05-13 14:53:26', '2018-05-13 20:49:25', '2018-05-13 22:50:38', 3, 1);
INSERT INTO `productorder` VALUES (9, '2018050411511501', '610113', '西大新区', '710000', '江小贤', '15319449084', '2018-05-13 14:53:27', '2018-05-13 20:49:26', '2018-05-13 22:50:41', 3, 1);
INSERT INTO `productorder` VALUES (10, '2018050411543801', '610113', '西大新区', '710000', '江小贤', '15319449084', '2018-05-13 14:53:28', '2018-05-13 20:49:27', '2018-05-13 22:50:45', 3, 1);
INSERT INTO `productorder` VALUES (11, '2018050411551801', '610113', '西大新区', '710000', '江小贤', '15319449084', '2018-05-13 14:53:29', '2018-05-13 20:49:28', '2018-05-13 22:50:53', 3, 1);
INSERT INTO `productorder` VALUES (12, '2018050412020201', '610113', '西大新区', '710000', '江小贤', '15319449084', '2018-05-13 14:52:39', '2018-05-13 20:49:09', '2018-05-13 22:49:20', 3, 1);
INSERT INTO `productorder` VALUES (13, '2018050412545901', '610113', '西大新区', '710000', '江小贤', '15319449084', '2018-05-13 14:52:19', '2018-05-13 20:49:10', '2018-05-13 22:49:24', 3, 1);
INSERT INTO `productorder` VALUES (14, '2018050413270401', '610113', '西大新区', '710000', '江小贤', '15319449084', '2018-05-13 14:52:21', '2018-05-13 20:49:10', '2018-05-13 22:49:28', 3, 1);
INSERT INTO `productorder` VALUES (15, '2018050419041301', '610113', '西大新区', '710000', '江小贤', '15319449084', '2018-05-13 14:52:22', '2018-05-13 20:49:11', '2018-05-13 22:49:33', 3, 1);
INSERT INTO `productorder` VALUES (16, '2018050509024801', '610113', '西大新区', '710000', '江小贤', '15319449084', '2018-05-13 14:52:23', '2018-05-13 20:49:12', '2018-05-13 22:49:38', 3, 1);
INSERT INTO `productorder` VALUES (17, '2018050622090701', '610113', '西大新区', '710000', '江小贤', '15319449084', '2018-05-06 22:09:07', '2018-05-13 20:49:13', '2018-05-13 22:49:42', 3, 1);
INSERT INTO `productorder` VALUES (18, '2018051010170501', '610113', '西大新区', '710000', '江小贤', '15319449084', '2018-05-10 10:17:05', '2018-05-13 20:49:13', '2018-05-13 22:49:46', 3, 1);
INSERT INTO `productorder` VALUES (19, '2018051010184601', '610113', '西大新区', '710000', '江小贤', '15319449084', '2018-05-10 10:18:46', '2018-05-13 20:49:14', '2018-05-13 22:49:50', 3, 1);
INSERT INTO `productorder` VALUES (20, '2018051017470301', '610113', '西大新区', '710000', '江小贤', '15319449084', '2018-05-13 14:52:26', '2018-05-13 20:49:15', '2018-05-13 22:47:06', 3, 1);
INSERT INTO `productorder` VALUES (21, '2018051116461101', '610113', '西大新区', '710000', '江小贤', '15319449084', '2018-05-13 14:52:28', '2018-05-13 20:49:16', '2018-05-13 22:49:54', 3, 1);
INSERT INTO `productorder` VALUES (22, '2018051116474501', '610113', '西大新区', '710000', '江小贤', '15319449084', '2018-05-11 16:47:45', '2018-05-13 20:49:16', '2018-05-13 22:49:57', 3, 1);
INSERT INTO `productorder` VALUES (23, '2018051116515201', '610113', '西大新区', '710000', '江小贤', '15319449084', '2018-05-13 14:52:24', '2018-05-13 20:49:17', '2018-05-13 22:50:02', 3, 1);
INSERT INTO `productorder` VALUES (24, '2018051116525001', '610113', '西大新区', '710000', '江小贤', '15319449084', '2018-05-13 14:52:14', '2018-05-13 20:49:18', '2018-05-13 22:50:07', 3, 1);
INSERT INTO `productorder` VALUES (25, '2018051316423801', '610113', '西大新区', '710000', '江小贤', '15319449084', '2018-05-13 16:42:38', '2018-05-13 20:49:07', '2018-05-13 22:46:52', 3, 1);
INSERT INTO `productorder` VALUES (26, '2018051323012601', '610113', '西大新区', '710000', '江小贤', '15319449084', '2018-05-13 23:01:28', '2018-05-13 23:02:14', '2018-05-13 23:02:29', 3, 1);
INSERT INTO `productorder` VALUES (27, '2018051323053501', '610113', '西大新区', '710000', '江小贤', '15319449084', '2018-05-13 23:05:36', '2018-05-13 23:05:42', '2018-05-13 23:05:48', 3, 1);
INSERT INTO `productorder` VALUES (28, '2018051517145101', '610113', '西大新区', '710000', '江小贤', '15319449084', '2018-05-15 17:14:59', '2018-05-15 17:15:20', '2018-05-15 17:15:50', 3, 1);
INSERT INTO `productorder` VALUES (29, '2018051517170501', '610113', '西大新区', '710000', '江小贤', '15319449084', '2018-05-15 17:17:08', '2018-05-23 15:08:11', NULL, 2, 1);
INSERT INTO `productorder` VALUES (30, '2018051517312401', '610113', '西大新区', '710000', '江小贤', '15319449084', '2018-05-15 17:31:25', '2018-05-15 17:31:29', '2018-05-15 17:31:33', 3, 1);
INSERT INTO `productorder` VALUES (31, '2018051517402401', '610113', '西大新区', '710000', '江小贤', '15319449084', '2018-05-15 17:40:25', '2018-05-15 17:40:29', '2018-05-15 17:40:32', 3, 1);
INSERT INTO `productorder` VALUES (32, '2018052315042401', '120116', 'XX录', '652222', '江小贤', '13335398248', '2018-05-23 15:04:28', '2018-05-23 15:04:48', '2018-05-23 15:05:08', 3, 1);
INSERT INTO `productorder` VALUES (33, '2018052315060501', '120116', 'XX录', '652222', '江小贤', '13335398248', '2018-05-23 15:06:09', '2018-05-23 15:06:14', '2018-05-23 15:06:21', 3, 1);
INSERT INTO `productorder` VALUES (34, '2018052315064001', '120116', 'XX录', '652222', '江小贤', '13335398248', '2018-05-23 15:06:41', '2018-05-23 15:07:46', NULL, 2, 1);
INSERT INTO `productorder` VALUES (35, '2018052315171201', '120116', 'XX录', '652222', '江小贤', '13335398248', '2018-05-23 15:17:16', '2018-05-23 14:02:02', NULL, 2, 1);
INSERT INTO `productorder` VALUES (36, '2018052315172101', '120116', 'XX录', '652222', '江小贤', '13335398248', '2018-05-23 15:17:22', '2018-05-25 00:09:16', NULL, 2, 1);
INSERT INTO `productorder` VALUES (37, '2018052315173001', '120116', 'XX录', '652222', '江小贤', '13335398248', '2018-05-23 15:17:32', '2019-09-09 17:35:33', NULL, 2, 1);
INSERT INTO `productorder` VALUES (38, '2018052315181401', '120116', 'XX录', '652222', '江小贤', '13335398248', '2018-05-23 15:18:14', NULL, NULL, 0, 1);
INSERT INTO `productorder` VALUES (39, '2018052315183201', '120116', 'XX录', '652222', '江小贤', '13335398248', '2018-05-23 15:18:32', NULL, NULL, 0, 1);
INSERT INTO `productorder` VALUES (40, '2018052315190301', '120116', 'XX录', '652222', '江小贤', '13335398248', '2018-05-23 15:19:03', NULL, NULL, 0, 1);
INSERT INTO `productorder` VALUES (41, '2018052315190801', '120116', 'XX录', '652222', '江小贤', '13335398248', '2018-05-23 15:19:08', NULL, NULL, 4, 1);
INSERT INTO `productorder` VALUES (42, '2018052315191501', '120116', 'XX录', '652222', '江小贤', '13335398248', '2018-05-23 15:19:15', NULL, NULL, 4, 1);
INSERT INTO `productorder` VALUES (43, '2018052421392801', '120116', 'XX录', '652222', '江小贤', '13335398248', '2018-05-24 21:39:30', NULL, NULL, 1, 1);
INSERT INTO `productorder` VALUES (44, '2018052422272203', '120116', 'XX录', '652222', '江小贤', '13335398248', '2018-05-24 22:27:22', NULL, NULL, 1, 3);
INSERT INTO `productorder` VALUES (45, '2018052423333106', '440703', '幸福中路', '652222', '李浩', '15815951240', '2018-05-24 23:33:32', '2018-05-24 23:33:35', '2018-05-24 23:33:40', 3, 6);
INSERT INTO `productorder` VALUES (46, '2018052423340706', '440703', '幸福中路', '652222', '李浩', '15815951240', '2018-05-24 23:34:08', '2018-05-24 23:34:10', '2018-05-24 23:34:13', 3, 6);
INSERT INTO `productorder` VALUES (47, '2018052423484107', '110101', '北京市', '', '李浩', '17625649845', '2018-05-24 23:48:46', '2018-05-24 23:48:56', '2018-05-24 23:49:07', 3, 7);
INSERT INTO `productorder` VALUES (48, '2018052423494901', '440703', '幸福中路', '652222', '李浩', '15815951240', '2018-05-24 23:49:50', '2018-05-24 23:49:53', '2018-05-24 23:49:57', 3, 1);
INSERT INTO `productorder` VALUES (49, '2018052423505801', '440703', '幸福中路', '652222', '李浩', '15815951240', '2018-05-24 23:51:05', '2018-05-24 23:51:07', '2018-05-24 23:51:11', 3, 1);
INSERT INTO `productorder` VALUES (50, '2018052423511307', '110101', '北京市', '', '李浩', '17625649845', '2018-05-24 23:51:14', '2018-05-24 23:51:20', '2018-05-24 23:51:24', 3, 7);
INSERT INTO `productorder` VALUES (51, '2018052423514907', '110101', '北京市', '', '李浩', '17625649845', '2018-05-24 23:51:50', '2018-05-24 23:51:56', '2018-05-24 23:52:00', 3, 7);
INSERT INTO `productorder` VALUES (52, '2018052423523006', '440703', '幸福中路', '652222', '李浩', '15815951240', '2018-05-24 23:52:31', '2018-05-24 23:52:33', '2018-05-24 23:52:37', 3, 6);
INSERT INTO `productorder` VALUES (53, '2018052500022309', '510922', '四川省', '', '红豆豆', '17625649840', '2018-05-25 00:02:27', '2018-05-25 00:02:31', '2018-05-25 00:02:49', 3, 9);
INSERT INTO `productorder` VALUES (54, '2018052500022908', '110101', '三里屯36号', '332200', '柯宇航', '15829391102', '2018-05-25 00:02:31', '2018-05-25 00:02:41', '2018-05-25 00:02:53', 3, 8);
INSERT INTO `productorder` VALUES (55, '2018052500035109', '510922', '四川省', '', '红豆豆', '17625649840', '2018-05-25 00:03:53', '2018-05-25 00:03:56', '2018-05-25 00:04:01', 3, 9);
INSERT INTO `productorder` VALUES (56, '2018052500041406', '440703', '幸福中路', '652222', '李浩', '15815951240', '2018-05-25 00:04:15', '2018-05-25 00:04:17', '2018-05-25 00:04:21', 3, 6);
INSERT INTO `productorder` VALUES (57, '2018052500050506', '440703', '幸福中路', '652222', '李浩', '15815951240', '2018-05-25 00:05:06', '2018-05-25 00:05:08', '2018-05-25 00:05:12', 3, 6);
INSERT INTO `productorder` VALUES (58, '2018052500053008', '110105', '大望京72号', '332200', '兰荷', '15829391102', '2018-05-25 00:05:32', '2018-05-25 00:05:54', '2018-05-25 00:05:59', 3, 8);
INSERT INTO `productorder` VALUES (59, '2018052500060406', '440703', '幸福中路', '652222', '李浩', '15815951240', '2018-05-25 00:06:05', '2018-05-25 00:06:08', '2018-05-25 00:06:12', 3, 6);
INSERT INTO `productorder` VALUES (60, '2018052500062209', '510922', '四川省', '', '红豆豆', '17625649840', '2018-05-25 00:06:23', '2018-05-25 00:06:26', '2018-05-25 00:06:32', 3, 9);
INSERT INTO `productorder` VALUES (61, '2018052500065401', '440703', '幸福中路', '652222', '李浩', '15815951240', '2018-05-25 00:06:55', '2018-05-25 00:06:58', '2018-05-25 00:07:02', 3, 1);
INSERT INTO `productorder` VALUES (62, '2018052500070809', '510922', '四川省', '', '红豆豆', '17625649840', '2018-05-25 00:07:09', '2018-05-25 00:07:17', '2018-05-25 00:07:22', 3, 9);
INSERT INTO `productorder` VALUES (63, '20180525000746010', '610113', '怕踢校区', '332026', '兰总', '17868643185', '2018-05-25 00:07:48', '2018-05-25 00:08:03', '2018-05-25 00:08:19', 3, 10);
INSERT INTO `productorder` VALUES (64, '2018052500083609', '510922', '四川省', '', '红豆豆', '17625649840', '2018-05-25 00:08:38', '2018-05-25 00:08:41', '2018-05-25 00:08:45', 3, 9);
INSERT INTO `productorder` VALUES (65, '2018052500083808', '360481', '向明家园1单元601', '332200', '柯雨君', '17629443058', '2018-05-25 00:08:40', '2018-05-25 00:08:46', '2018-05-25 00:08:58', 3, 8);
INSERT INTO `productorder` VALUES (66, '2018052500094903', '440703', '幸福中路', '652222', '李浩', '15815951240', '2018-05-25 00:09:51', '2018-05-25 00:09:55', '2018-05-25 00:09:58', 3, 3);
INSERT INTO `productorder` VALUES (67, '2018052500105703', '440703', '幸福中路', '652222', '李浩', '15815951240', '2018-05-25 00:10:58', '2018-05-25 00:11:00', '2018-05-25 00:11:03', 3, 3);
INSERT INTO `productorder` VALUES (68, '2018052500114103', '440703', '幸福中路', '652222', '李浩', '15815951240', '2018-05-25 00:11:42', '2018-05-25 00:11:45', '2018-05-25 00:11:49', 3, 3);
INSERT INTO `productorder` VALUES (69, '2018052500115609', '510922', '四川省', '', '红豆豆', '17625649840', '2018-05-25 00:12:00', '2018-05-25 00:12:06', '2018-05-25 00:12:11', 3, 9);
INSERT INTO `productorder` VALUES (70, '2018052500122303', '440703', '幸福中路', '652222', '李浩', '15815951240', '2018-05-25 00:12:24', '2018-05-25 00:12:27', '2018-05-25 00:12:31', 3, 3);
INSERT INTO `productorder` VALUES (71, '20180525001240010', '610113', '怕踢校区', '332026', '兰总', '17868643185', '2018-05-25 00:12:41', '2018-05-25 00:12:45', '2018-05-25 00:12:55', 3, 10);
INSERT INTO `productorder` VALUES (72, '2018052500133508', '330102', '向明家园1单元601', '332200', '柯雨君', '17629443058', '2018-05-25 00:13:39', '2018-05-25 00:13:47', '2018-05-25 00:13:54', 3, 8);
INSERT INTO `productorder` VALUES (73, '20180525001445010', '610113', '怕踢校区', '332026', '兰总', '17868643185', '2018-05-25 00:14:47', '2018-05-25 00:14:51', '2018-05-25 00:14:54', 3, 10);
INSERT INTO `productorder` VALUES (74, '20180525001607011', '510922', '四川省', '', '红豆豆', '17625649840', '2018-05-25 00:16:08', '2018-05-25 00:16:10', '2018-05-25 00:16:14', 3, 11);
INSERT INTO `productorder` VALUES (75, '20180525001814012', '230102', '天下荣君', '115599', '王天天', '15839440677', '2018-05-25 00:18:16', '2018-05-25 00:18:21', '2018-05-25 00:18:25', 3, 12);
INSERT INTO `productorder` VALUES (76, '20180525001858011', '510922', '四川省', '', '红豆豆', '17625649840', '2018-05-25 00:18:59', '2018-05-25 00:19:02', '2018-05-25 00:19:07', 3, 11);
INSERT INTO `productorder` VALUES (77, '20180525002142011', '510922', '四川省', '', '红豆豆', '17625649840', '2018-05-25 00:21:44', '2018-05-25 00:21:47', '2018-05-25 00:21:53', 3, 11);
INSERT INTO `productorder` VALUES (78, '20180525002639010', '610113', '怕踢校区', '332026', '兰总', '17868643185', '2018-05-25 00:26:41', '2018-05-25 00:26:48', '2018-05-25 00:26:54', 3, 10);
INSERT INTO `productorder` VALUES (79, '20180525002647011', '510922', '四川省', '', '红豆豆', '17625649840', '2018-05-25 00:26:48', '2018-05-25 00:26:53', '2018-05-25 00:26:59', 3, 11);
INSERT INTO `productorder` VALUES (80, '2018052500272203', '610102', '核心大街', '652222', '江小贤', '15815951240', '2018-05-25 00:27:23', '2018-05-25 00:27:26', '2018-05-25 00:27:29', 3, 3);
INSERT INTO `productorder` VALUES (81, '2018052500273508', '230102', '天下荣君', '115599', '王火火', '15830269100', '2018-05-25 00:27:36', '2018-05-25 00:27:41', '2018-05-25 00:27:46', 3, 8);
INSERT INTO `productorder` VALUES (82, '20180525002954012', '150303', '维奇基尔6号', '115599', '王火火', '17602951130', '2018-05-25 00:29:56', '2018-05-25 00:30:01', '2018-05-25 00:30:08', 3, 12);
INSERT INTO `productorder` VALUES (83, '20180525003540013', '610113', '怕踢校区', '332026', '兰总', '17868643185', '2018-05-25 00:35:42', '2018-05-25 00:35:50', '2018-05-25 00:35:58', 3, 13);
INSERT INTO `productorder` VALUES (84, '2018052500361303', '510922', '四川省', '', '将', '17625649840', '2018-05-25 00:36:14', '2018-05-25 00:36:18', '2018-05-25 00:36:21', 3, 3);
INSERT INTO `productorder` VALUES (85, '2018052500383507', '510922', '四川省', '', '将', '17625649840', '2018-05-25 00:38:36', '2018-05-25 00:38:38', '2018-05-25 00:38:51', 3, 7);
INSERT INTO `productorder` VALUES (86, '2018052500395807', '510922', '四川省', '', '将', '17625649840', '2018-05-25 00:39:59', '2018-05-25 00:40:02', '2018-05-25 00:40:07', 3, 7);
INSERT INTO `productorder` VALUES (87, '20180525004017010', '610113', '怕踢校区', '332026', '兰总', '17868643185', '2018-05-25 00:40:19', '2018-05-25 00:40:23', '2018-05-25 00:40:27', 3, 10);
INSERT INTO `productorder` VALUES (88, '2018052500401907', '510922', '四川省', '', '将', '17625649840', '2018-05-25 00:40:20', '2018-05-25 00:40:24', '2018-05-25 00:40:31', 3, 7);
INSERT INTO `productorder` VALUES (89, '2018052500404107', '510922', '四川省', '', '将', '17625649840', '2018-05-25 00:40:42', NULL, NULL, 1, 7);
INSERT INTO `productorder` VALUES (90, '2018052500405307', '510922', '四川省', '', '将', '17625649840', '2018-05-25 00:40:54', '2018-05-25 00:41:19', NULL, 2, 7);
INSERT INTO `productorder` VALUES (91, '2018052500411307', '510922', '四川省', '', '将', '17625649840', '2018-05-25 00:41:14', NULL, NULL, 1, 7);
INSERT INTO `productorder` VALUES (92, '2018051800415607', '510922', '四川省', '', '将', '17625649840', '2018-05-18 00:41:58', NULL, NULL, 1, 7);
INSERT INTO `productorder` VALUES (93, '2018051800420307', '510922', '四川省', '', '将', '17625649840', '2018-05-18 00:42:04', '2018-05-18 00:42:07', NULL, 2, 7);
INSERT INTO `productorder` VALUES (94, '2018051800421607', '510922', '四川省', '', '将', '17625649840', '2018-05-18 00:42:17', NULL, NULL, 1, 7);
INSERT INTO `productorder` VALUES (95, '2018051800423307', '510922', '四川省', '', '将', '17625649840', '2018-05-18 00:42:34', '2018-05-18 00:42:38', NULL, 2, 7);
INSERT INTO `productorder` VALUES (96, '2018051800424607', '510922', '四川省', '', '将', '17625649840', '2018-05-18 00:42:46', NULL, NULL, 0, 7);
INSERT INTO `productorder` VALUES (97, '20180518004257010', '610113', '怕踢校区', '332026', '兰总', '17868643185', '2018-05-18 00:42:59', '2018-05-18 00:43:05', '2018-05-18 00:43:12', 3, 10);
INSERT INTO `productorder` VALUES (98, '2018051800431607', '510922', '四川省', '', '将', '17625649840', '2018-05-18 00:43:17', NULL, NULL, 1, 7);
INSERT INTO `productorder` VALUES (99, '2018051800433207', '510922', '四川省', '', '将', '17625649840', '2018-05-18 00:43:33', NULL, NULL, 1, 7);
INSERT INTO `productorder` VALUES (100, '20180518004422012', '150303', '维奇基尔6号', '115599', '王火火', '17602951130', '2018-05-18 00:44:23', '2018-05-18 00:44:27', '2018-05-18 00:44:32', 3, 12);
INSERT INTO `productorder` VALUES (101, '2018051800443107', '510922', '四川省', '', '将', '17625649840', '2018-05-18 00:44:35', '2018-05-18 00:44:39', NULL, 2, 7);
INSERT INTO `productorder` VALUES (102, '2018051800445807', '510922', '四川省', '', '将', '17625649840', '2018-05-18 00:44:58', NULL, NULL, 0, 7);
INSERT INTO `productorder` VALUES (103, '20180518004500010', '610113', '怕踢校区', '332026', '兰总', '17868643185', '2018-05-18 00:45:01', '2018-05-18 00:45:05', '2018-05-18 00:45:10', 3, 10);
INSERT INTO `productorder` VALUES (104, '2018051800450301', '610102', '核心大街', '652222', '江小贤', '15815951240', '2018-05-18 00:45:03', NULL, NULL, 4, 1);
INSERT INTO `productorder` VALUES (105, '2018051800450407', '510922', '四川省', '', '将', '17625649840', '2018-05-18 00:45:04', NULL, NULL, 0, 7);
INSERT INTO `productorder` VALUES (106, '2018051800450801', '610102', '核心大街', '652222', '江小贤', '15815951240', '2018-05-18 00:45:08', NULL, NULL, 0, 1);
INSERT INTO `productorder` VALUES (107, '20180518004516012', '150303', '维奇基尔6号', '115599', '王火火', '17602951130', '2018-05-18 00:45:16', NULL, NULL, 4, 12);
INSERT INTO `productorder` VALUES (108, '2018051800451707', '510922', '四川省', '', '将', '17625649840', '2018-05-18 00:45:17', NULL, NULL, 0, 7);
INSERT INTO `productorder` VALUES (109, '2018051800451801', '610102', '核心大街', '652222', '江小贤', '15815951240', '2018-05-18 00:45:18', NULL, NULL, 0, 1);
INSERT INTO `productorder` VALUES (110, '2018051800452301', '610102', '核心大街', '652222', '江小贤', '15815951240', '2018-05-18 00:45:24', NULL, NULL, 1, 1);
INSERT INTO `productorder` VALUES (111, '2018051800452307', '510922', '四川省', '', '将', '17625649840', '2018-05-18 00:45:23', NULL, NULL, 0, 7);
INSERT INTO `productorder` VALUES (112, '2018051800452801', '610102', '核心大街', '652222', '江小贤', '15815951240', '2018-05-18 00:45:29', NULL, NULL, 1, 1);
INSERT INTO `productorder` VALUES (113, '2018051800453207', '510922', '四川省', '', '将', '17625649840', '2018-05-18 00:45:32', NULL, NULL, 0, 7);
INSERT INTO `productorder` VALUES (114, '2018051800453301', '610102', '核心大街', '652222', '江小贤', '15815951240', '2018-05-18 00:45:34', NULL, NULL, 1, 1);
INSERT INTO `productorder` VALUES (115, '2018051800454001', '610102', '核心大街', '652222', '江小贤', '15815951240', '2018-05-18 00:45:40', '2018-05-18 00:45:42', '2018-05-18 00:45:45', 3, 1);
INSERT INTO `productorder` VALUES (116, '2018051800454207', '510922', '四川省', '', '将', '17625649840', '2018-05-18 00:45:42', NULL, NULL, 0, 7);
INSERT INTO `productorder` VALUES (117, '20180518004546012', '150303', '维奇基尔6号', '115599', '王火火', '17602951130', '2018-05-18 00:45:47', '2018-05-18 00:45:57', '2018-05-18 00:46:02', 3, 12);
INSERT INTO `productorder` VALUES (118, '2018051800455201', '610102', '核心大街', '652222', '江小贤', '15815951240', '2018-05-18 00:45:53', NULL, NULL, 1, 1);
INSERT INTO `productorder` VALUES (119, '20180518004707010', '610113', '怕踢校区', '332026', '兰总', '17868643185', '2018-05-18 00:47:10', '2018-05-18 00:47:14', NULL, 2, 10);
INSERT INTO `productorder` VALUES (120, '2018051800471007', '510922', '四川省', '', '将', '17625649840', '2018-05-18 00:47:10', NULL, NULL, 0, 7);
INSERT INTO `productorder` VALUES (121, '2018051800473607', '510922', '四川省', '', '将', '17625649840', '2018-05-18 00:47:36', NULL, NULL, 0, 7);
INSERT INTO `productorder` VALUES (122, '20180518004746014', '150303', '维奇基尔6号', '115599', '王火火', '17602951130', '2018-05-18 00:47:48', '2018-05-19 00:50:10', '2018-05-19 00:50:16', 3, 14);
INSERT INTO `productorder` VALUES (123, '2018051900485503', '510922', '四川省', '', '将', '17625649840', '2018-05-19 00:48:58', '2018-05-19 00:49:02', '2018-05-19 00:49:06', 3, 3);
INSERT INTO `productorder` VALUES (124, '20180519004855014', '150303', '维奇基尔6号', '115599', '王火火', '17602951130', '2018-05-19 00:48:57', '2018-05-19 00:49:02', '2018-05-19 00:49:07', 3, 14);
INSERT INTO `productorder` VALUES (125, '2018051900491403', '510922', '四川省', '', '将', '17625649840', '2018-05-19 00:49:16', '2018-05-19 00:49:20', NULL, 2, 3);
INSERT INTO `productorder` VALUES (126, '20180519004916010', '610113', '怕踢校区', '332026', '兰总', '17868643185', '2018-05-19 00:49:18', '2018-05-19 00:49:20', '2018-05-19 00:49:27', 3, 10);
INSERT INTO `productorder` VALUES (127, '20180519004942010', '610113', '怕踢校区', '332026', '兰总', '17868643185', '2018-05-19 00:49:43', '2018-05-19 00:49:47', '2018-05-19 00:49:50', 3, 10);
INSERT INTO `productorder` VALUES (128, '20180519005120014', '150303', '维奇基尔6号', '115599', '王火火', '17602951130', '2018-05-19 00:51:22', '2018-05-19 00:51:25', '2018-05-19 00:51:29', 3, 14);
INSERT INTO `productorder` VALUES (129, '20180519005337010', '610113', '怕踢校区', '332026', '兰总', '17868643185', '2018-05-19 00:53:38', '2018-05-19 00:53:41', '2018-05-19 00:53:45', 3, 10);
INSERT INTO `productorder` VALUES (130, '20180519005407014', '150303', '维奇基尔6号', '115599', '其二', '17602951130', '2018-05-19 00:54:08', '2018-05-19 00:54:13', '2018-05-19 00:54:18', 3, 14);
INSERT INTO `productorder` VALUES (131, '20180519005414010', '610113', '怕踢校区', '332026', '兰总', '17868643185', '2018-05-19 00:54:16', '2018-05-19 00:54:20', '2018-05-19 00:54:25', 3, 10);
INSERT INTO `productorder` VALUES (132, '20180519005445010', '610113', '怕踢校区', '332026', '兰总', '17868643185', '2018-05-19 00:54:47', '2018-05-19 00:54:50', '2018-05-19 00:54:53', 3, 10);
INSERT INTO `productorder` VALUES (133, '20180519005526010', '610113', '怕踢校区', '332026', '兰总', '17868643185', '2018-05-19 00:55:27', '2018-05-19 00:55:31', '2018-05-19 00:55:36', 3, 10);
INSERT INTO `productorder` VALUES (134, '20180519005656010', '610113', '怕踢校区', '332026', '兰总', '17868643185', '2018-05-19 00:56:57', '2018-05-19 00:57:00', '2018-05-19 00:57:03', 3, 10);
INSERT INTO `productorder` VALUES (135, '20180520010205010', '610113', '怕踢校区', '332026', '兰总', '17868643185', '2018-05-20 01:02:07', '2018-05-20 01:02:10', '2018-05-20 01:02:14', 3, 10);
INSERT INTO `productorder` VALUES (136, '20180519010322010', '610113', '怕踢校区', '332026', '兰总', '17868643185', '2018-05-19 01:03:23', '2018-05-19 01:03:28', '2018-05-19 01:03:32', 3, 10);
INSERT INTO `productorder` VALUES (137, '20180521010356010', '610113', '怕踢校区', '332026', '兰总', '17868643185', '2018-05-21 01:03:57', '2018-05-21 01:04:02', '2018-05-21 01:04:07', 3, 10);
INSERT INTO `productorder` VALUES (138, '20180516010413010', '610113', '怕踢校区', '332026', '兰总', '17868643185', '2018-05-16 01:04:15', NULL, NULL, 1, 10);
INSERT INTO `productorder` VALUES (139, '20180520010425010', '610113', '怕踢校区', '332026', '兰总', '17868643185', '2018-05-20 01:04:26', '2018-05-20 01:04:29', '2018-05-20 01:04:33', 3, 10);
INSERT INTO `productorder` VALUES (140, '20180520010451010', '610113', '怕踢校区', '332026', '兰总', '17868643185', '2018-05-20 01:04:53', '2018-05-20 01:04:56', '2018-05-20 01:05:00', 3, 10);
INSERT INTO `productorder` VALUES (141, '20180520010520010', '610113', '怕踢校区', '332026', '兰总', '17868643185', '2018-05-20 01:05:23', '2018-05-20 01:05:27', '2018-05-20 01:05:31', 3, 10);
INSERT INTO `productorder` VALUES (142, '20180520010546010', '610113', '怕踢校区', '332026', '兰总', '17868643185', '2018-05-20 01:05:47', '2018-05-20 01:05:51', '2018-05-20 01:05:55', 3, 10);
INSERT INTO `productorder` VALUES (143, '20180520010642010', '610113', '怕踢校区', '332026', '兰总', '17868643185', '2018-05-20 01:06:45', '2018-05-20 01:06:48', '2018-05-20 01:06:52', 3, 10);
INSERT INTO `productorder` VALUES (144, '20180520010652014', '150303', '维奇基尔6号', '115599', '其二', '17602951130', '2018-05-20 01:06:53', '2018-05-20 01:06:58', '2018-05-20 01:07:02', 3, 14);
INSERT INTO `productorder` VALUES (145, '20180520010717010', '610113', '怕踢校区', '332026', '兰总', '17868643185', '2018-05-20 01:07:18', '2018-05-20 01:07:22', '2018-05-20 01:07:26', 3, 10);
INSERT INTO `productorder` VALUES (146, '20180520010752014', '150303', '维奇基尔6号', '115599', '威威', '17602951130', '2018-05-20 01:07:53', '2018-05-20 01:07:57', '2018-05-20 01:08:00', 3, 14);
INSERT INTO `productorder` VALUES (147, '20180520010802010', '610113', '怕踢校区', '332026', '兰总', '17868643185', '2018-05-20 01:08:03', '2018-05-20 01:08:07', '2018-05-20 01:08:12', 3, 10);
INSERT INTO `productorder` VALUES (148, '20180520010841010', '610113', '怕踢校区', '332026', '兰总', '17868643185', '2018-05-20 01:08:42', '2018-05-20 01:08:47', '2018-05-20 01:08:51', 3, 10);
INSERT INTO `productorder` VALUES (149, '20180520010903014', '130110', '维奇基尔6号', '115599', '谔谔', '17603984406', '2018-05-20 01:09:05', '2018-05-20 01:09:08', '2018-05-20 01:09:12', 3, 14);
INSERT INTO `productorder` VALUES (150, '20180520010951014', '130110', '维奇基尔6号', '115599', '谔谔', '17603984406', '2018-05-20 01:09:51', NULL, NULL, 4, 14);
INSERT INTO `productorder` VALUES (151, '20180521011015010', '610113', '怕踢校区', '332026', '兰总', '17868643185', '2018-05-21 01:10:16', '2018-05-21 01:10:18', '2018-05-21 01:10:22', 3, 10);
INSERT INTO `productorder` VALUES (152, '2018052001104901', '610102', '核心大街', '652222', '江小贤', '15815951240', '2018-05-20 01:10:50', NULL, NULL, 1, 1);
INSERT INTO `productorder` VALUES (153, '2018052001105401', '610102', '核心大街', '652222', '江小贤', '15815951240', '2018-05-20 01:10:55', '2018-05-21 01:11:59', NULL, 2, 1);
INSERT INTO `productorder` VALUES (154, '2018052001105901', '610102', '核心大街', '652222', '江小贤', '15815951240', '2018-05-20 01:11:00', '2018-05-20 01:11:02', NULL, 2, 1);
INSERT INTO `productorder` VALUES (155, '2018052001111201', '610102', '核心大街', '652222', '江小贤', '15815951240', '2018-05-20 01:11:13', '2018-05-21 01:11:50', NULL, 2, 1);
INSERT INTO `productorder` VALUES (156, '20180520011122010', '610113', '怕踢校区', '332026', '兰总', '17868643185', '2018-05-20 01:11:22', NULL, NULL, 0, 10);
INSERT INTO `productorder` VALUES (157, '20180521011152010', '610113', '怕踢校区', '332026', '兰总', '17868643185', '2018-05-21 01:11:53', '2018-05-21 01:11:56', '2018-05-21 01:12:02', 3, 10);
INSERT INTO `productorder` VALUES (158, '20180521011200014', '130110', '维奇基尔6号', '115599', '猪猪', '17603984406', '2018-05-21 01:12:02', '2018-05-21 01:12:05', '2018-05-21 01:12:09', 3, 14);
INSERT INTO `productorder` VALUES (159, '20180521011251010', '610113', '怕踢校区', '332026', '兰总', '17868643185', '2018-05-21 01:12:52', '2018-05-21 01:12:55', '2018-05-21 01:12:59', 3, 10);
INSERT INTO `productorder` VALUES (160, '2018052101141708', '360481', '燕山凹563号', '332200', '宝贝', '17602930097', '2018-05-21 01:14:18', '2018-05-21 01:14:22', '2018-05-21 01:14:26', 3, 8);
INSERT INTO `productorder` VALUES (161, '20180521011501010', '610113', '怕踢校区', '332026', '兰总', '17868643185', '2018-05-21 01:15:01', NULL, NULL, 0, 10);
INSERT INTO `productorder` VALUES (162, '20180521011504010', '610113', '怕踢校区', '332026', '兰总', '17868643185', '2018-05-21 01:15:05', '2018-05-21 01:15:08', '2018-05-21 01:15:12', 3, 10);
INSERT INTO `productorder` VALUES (163, '2018052101153808', '360481', '燕山凹563号', '332200', '宝贝', '17602930097', '2018-05-21 01:15:40', '2018-05-21 01:15:43', '2018-05-21 01:15:47', 3, 8);
INSERT INTO `productorder` VALUES (164, '20180521011735010', '610113', '怕踢校区', '332026', '兰总', '17868643185', '2018-05-21 01:17:36', '2018-05-21 01:17:40', '2018-05-21 01:17:44', 3, 10);
INSERT INTO `productorder` VALUES (165, '2018052101180408', '360481', '燕山凹563号', '332200', '宝贝', '17602930097', '2018-05-21 01:18:05', '2018-05-21 01:18:09', '2018-05-21 01:18:13', 3, 8);
INSERT INTO `productorder` VALUES (166, '20180522011958010', '610113', '怕踢校区', '332026', '兰总', '17868643185', '2018-05-22 01:19:59', '2018-05-22 01:20:03', '2018-05-22 01:20:09', 3, 10);
INSERT INTO `productorder` VALUES (167, '20180522012137010', '610113', '怕踢校区', '332026', '兰总', '17868643185', '2018-05-22 01:21:38', '2018-05-22 01:21:42', '2018-05-22 01:21:46', 3, 10);
INSERT INTO `productorder` VALUES (168, '20180522012242010', '610113', '怕踢校区', '332026', '兰总', '17868643185', '2018-05-22 01:22:43', '2018-05-22 01:22:46', '2018-05-22 01:22:51', 3, 10);
INSERT INTO `productorder` VALUES (169, '20180522012356010', '610113', '怕踢校区', '332026', '兰总', '17868643185', '2018-05-22 01:23:57', '2018-05-22 01:24:01', '2018-05-22 01:24:05', 3, 10);
INSERT INTO `productorder` VALUES (170, '20180522012518015', '360481', '燕山凹563号', '332200', '王宇豪', '17602930097', '2018-05-22 01:25:19', '2018-05-22 01:25:23', '2018-05-22 01:25:29', 3, 15);
INSERT INTO `productorder` VALUES (171, '20180522012640015', '360481', '燕山凹563号', '332200', '王宇豪', '17602930097', '2018-05-22 01:26:41', '2018-05-22 01:26:45', '2018-05-22 01:26:49', 3, 15);
INSERT INTO `productorder` VALUES (172, '20180522012742015', '360481', '燕山凹563号', '332200', '王宇豪', '17602930097', '2018-05-22 01:27:43', '2018-05-22 01:27:46', '2018-05-22 01:27:50', 3, 15);
INSERT INTO `productorder` VALUES (173, '2018052301290608', '360481', '燕山凹563号', '332200', '王宇豪', '17602930097', '2018-05-23 01:29:07', '2018-05-23 01:29:10', '2018-05-23 01:29:14', 3, 8);
INSERT INTO `productorder` VALUES (174, '2018052301304108', '340102', '香茗家园6单元608', '662201', '李天瞿', '15933055640', '2018-05-23 01:30:43', '2018-05-23 01:30:46', '2018-05-23 01:30:52', 3, 8);
INSERT INTO `productorder` VALUES (175, '20180523013128010', '610113', '怕踢校区', '332026', '兰总', '17868643185', '2018-05-23 01:31:31', '2018-05-23 01:31:45', '2018-05-23 01:31:57', 3, 10);
INSERT INTO `productorder` VALUES (176, '20180523013242016', '340102', '香茗家园6单元608', '662201', '李天瞿', '15933055640', '2018-05-23 01:32:43', '2018-05-23 01:32:46', '2018-05-23 01:32:51', 3, 16);
INSERT INTO `productorder` VALUES (177, '20180523013324016', '360102', '香茗家园6单元608', '332299', '李有钱', '15933055640', '2018-05-23 01:33:25', '2018-05-23 01:33:28', '2018-05-23 01:33:31', 3, 16);
INSERT INTO `productorder` VALUES (178, '20180523013358016', '360121', '香茗家园6单元608', '332299', '李有钱', '15933055640', '2018-05-23 01:33:59', '2018-05-23 01:34:02', '2018-05-23 01:34:05', 3, 16);
INSERT INTO `productorder` VALUES (179, '20180523013506016', '340102', '瑞敏家园8单元907', '223366', '吴国友', '15908622147', '2018-05-23 01:35:07', '2018-05-23 01:35:10', '2018-05-23 01:35:14', 3, 16);
INSERT INTO `productorder` VALUES (180, '20180520013833016', '340102', '瑞敏家园8单元907', '223366', '吴国友', '15908622147', '2018-05-20 01:38:33', NULL, NULL, 0, 16);
INSERT INTO `productorder` VALUES (181, '20180520013925016', '340102', '瑞敏家园8单元907', '223366', '江旭', '15908622147', '2018-05-20 01:39:25', NULL, NULL, 4, 16);
INSERT INTO `productorder` VALUES (182, '20180520013933010', '610113', '怕踢校区', '332026', '兰总', '17868643185', '2018-05-20 01:39:34', '2018-05-20 01:39:38', NULL, 2, 10);
INSERT INTO `productorder` VALUES (183, '20180520013954010', '610113', '怕踢校区', '332026', '兰总', '17868643185', '2018-05-20 01:39:57', NULL, NULL, 1, 10);
INSERT INTO `productorder` VALUES (184, '20180520014010016', '340102', '瑞敏家园8单元907', '223366', '江旭', '15908622147', '2018-05-20 01:40:10', NULL, NULL, 0, 16);
INSERT INTO `productorder` VALUES (185, '20180520014017010', '610113', '怕踢校区', '332026', '兰总', '17868643185', '2018-05-20 01:40:17', NULL, NULL, 0, 10);
INSERT INTO `productorder` VALUES (186, '20180520014111010', '610113', '怕踢校区', '332026', '兰总', '17868643185', '2018-05-20 01:41:15', '2018-05-20 01:41:20', NULL, 2, 10);
INSERT INTO `productorder` VALUES (187, '20180520014217010', '610113', '怕踢校区', '332026', '兰总', '17868643185', '2018-05-20 01:42:19', '2018-05-20 01:42:24', NULL, 2, 10);
INSERT INTO `productorder` VALUES (188, '20180520014307010', '610113', '怕踢校区', '332026', '兰总', '17868643185', '2018-05-20 01:43:07', NULL, NULL, 0, 10);
INSERT INTO `productorder` VALUES (189, '20180525014536010', '610113', '怕踢校区', '332026', '兰总', '17868643185', '2018-05-25 01:45:38', '2018-05-25 01:45:42', NULL, 2, 10);
INSERT INTO `productorder` VALUES (190, '2018052101455801', '610102', '核心大街', '652222', '江小贤', '15815951240', '2018-05-21 01:45:58', NULL, NULL, 0, 1);
INSERT INTO `productorder` VALUES (191, '2018052101460201', '610102', '核心大街', '652222', '江小贤', '15815951240', '2018-05-21 01:46:02', NULL, NULL, 0, 1);
INSERT INTO `productorder` VALUES (192, '2018052101460601', '610102', '核心大街', '652222', '江小贤', '15815951240', '2018-05-21 01:46:07', NULL, NULL, 1, 1);
INSERT INTO `productorder` VALUES (193, '2018052101462701', '610102', '核心大街', '652222', '江小贤', '15815951240', '2018-05-21 01:46:27', NULL, NULL, 0, 1);
INSERT INTO `productorder` VALUES (194, '2018052101463201', '610102', '核心大街', '652222', '江小贤', '15815951240', '2018-05-21 01:46:32', NULL, NULL, 0, 1);
INSERT INTO `productorder` VALUES (195, '2018052101463701', '610102', '核心大街', '652222', '江小贤', '15815951240', '2018-05-21 01:46:37', NULL, NULL, 0, 1);
INSERT INTO `productorder` VALUES (196, '2018052101464301', '610102', '核心大街', '652222', '江小贤', '15815951240', '2018-05-26 15:48:42', NULL, NULL, 1, 1);
INSERT INTO `productorder` VALUES (197, '20180521014646010', '610113', '怕踢校区', '332026', '兰总', '17868643185', '2018-05-21 01:46:48', '2018-05-21 01:46:51', NULL, 2, 10);
INSERT INTO `productorder` VALUES (198, '2018052101474003', '610102', '核心大街', '652222', '江小贤', '15815951240', '2018-05-21 01:47:40', NULL, NULL, 0, 3);
INSERT INTO `productorder` VALUES (199, '2018052101474503', '610102', '核心大街', '652222', '江小贤', '15815951240', '2018-05-21 01:47:45', NULL, NULL, 0, 3);
INSERT INTO `productorder` VALUES (200, '20180521014802010', '610113', '怕踢校区', '332026', '兰总', '17868643185', '2018-05-21 01:48:05', NULL, NULL, 1, 10);
INSERT INTO `productorder` VALUES (201, '2018052101484503', '610102', '核心大街', '652222', '江小贤', '15815951240', '2018-05-21 01:48:45', NULL, NULL, 0, 3);
INSERT INTO `productorder` VALUES (202, '2018052101485003', '610102', '核心大街', '652222', '江小贤', '15815951240', '2018-05-21 01:48:50', NULL, NULL, 0, 3);
INSERT INTO `productorder` VALUES (203, '2018052101485503', '610102', '核心大街', '652222', '江小贤', '15815951240', '2018-05-21 01:48:55', NULL, NULL, 0, 3);
INSERT INTO `productorder` VALUES (204, '2018052101490103', '610102', '核心大街', '652222', '江小贤', '15815951240', '2018-05-21 01:49:01', NULL, NULL, 0, 3);
INSERT INTO `productorder` VALUES (205, '2018052101490903', '610102', '核心大街', '652222', '江小贤', '15815951240', '2018-05-21 01:49:09', NULL, NULL, 0, 3);
INSERT INTO `productorder` VALUES (206, '20180525141433016', '220102', '我i企鹅去', '225611', '阿斯顿', '17601593302', '2018-05-25 14:14:34', '2018-05-25 14:14:38', '2018-05-25 14:14:41', 3, 16);
INSERT INTO `productorder` VALUES (207, '2018052514241401', '610102', '核心大街', '652222', '江小贤', '15815951240', '2018-05-25 14:24:15', '2018-05-25 15:11:31', '2018-05-25 15:11:35', 3, 1);
INSERT INTO `productorder` VALUES (208, '20180525174553018', '610722', '街道', '225611', '阿斯顿', '17601593302', '2018-06-03 17:45:57', '2018-06-03 17:49:49', '2018-06-03 17:50:46', 3, 18);
INSERT INTO `productorder` VALUES (209, '20180525175237018', '610722', '街道', '225611', '阿斯顿', '13335398248', '2018-06-03 17:52:42', '2018-06-03 17:52:52', '2018-06-03 17:53:07', 3, 18);
INSERT INTO `productorder` VALUES (210, '20180526154727019', '110101', 'XX街道', '610000', '坚持', '15319449084', '2018-06-04 15:47:40', NULL, NULL, 1, 19);
INSERT INTO `productorder` VALUES (211, '2018052615500401', '110101', 'XX街道', '610000', '坚持', '15319449084', '2018-06-06 15:50:10', '2018-06-13 10:47:51', NULL, 2, 1);
INSERT INTO `productorder` VALUES (212, '20180526155720020', '110101', 'XX街道', '610000', '坚持', '15319449084', '2018-06-07 15:57:32', '2018-06-07 16:07:25', '2018-06-07 16:07:53', 3, 20);
INSERT INTO `productorder` VALUES (213, '20180526160942020', '110101', 'XX街道', '610000', '坚持', '15319449084', '2018-06-08 16:09:48', '2018-06-08 16:10:07', '2018-06-08 16:10:16', 3, 20);
INSERT INTO `productorder` VALUES (214, '20180526164213021', '110101', 'XX街道', '610000', '坚持', '15319449084', '2018-06-08 16:42:23', '2018-06-08 16:48:38', '2018-06-08 16:49:00', 3, 21);
INSERT INTO `productorder` VALUES (215, '20180526165132021', '110101', 'XX街道', '610000', '坚持', '15319449084', '2018-06-09 16:51:37', '2018-06-09 16:52:10', '2018-06-09 16:52:19', 3, 21);
INSERT INTO `productorder` VALUES (216, '2018061310482401', '110101', 'XX街道', '610000', '坚持', '15319449084', '2018-06-13 10:48:25', '2018-06-13 10:48:28', '2018-06-13 10:48:31', 3, 1);
INSERT INTO `productorder` VALUES (217, '2018052310402501', '110101', 'XX街道', '610000', '坚持', '15319449084', '2018-05-23 10:40:27', '2018-05-23 10:41:08', '2018-05-23 10:41:21', 3, 1);
INSERT INTO `productorder` VALUES (218, '2018052311293201', '610112', '智慧路', '610000', '江小贤', '15319449084', '2018-05-23 11:29:46', '2019-09-09 17:35:18', NULL, 2, 1);
INSERT INTO `productorder` VALUES (219, '2018052314033101', '610112', '智慧路', '610000', '江小贤', '15319449084', '2018-05-23 14:03:43', '2018-05-23 14:04:00', '2018-05-23 14:04:11', 3, 1);
INSERT INTO `productorder` VALUES (220, '2018052314045801', '610112', '智慧路', '610000', '江小贤', '15319449084', '2018-05-23 14:05:01', '2018-05-23 14:05:08', '2018-05-23 14:05:15', 3, 1);
INSERT INTO `productorder` VALUES (221, '2018052314112801', '610112', '智慧路', '610000', '江小贤', '15319449084', '2018-05-23 14:11:29', '2018-05-23 14:11:32', '2018-05-23 14:11:38', 3, 1);
INSERT INTO `productorder` VALUES (222, '20190909123943023', '110101', '23333', '710001', '233', '13088960256', '2019-09-09 12:39:48', '2019-09-09 17:35:13', NULL, 2, 23);
INSERT INTO `productorder` VALUES (223, '20190909123959022', '110101', '看起来其实吧嗒吧嗒巴吉度', '384318', '叽里呱啦', '18302997146', '2019-09-09 12:40:05', '2019-09-09 12:50:48', NULL, 2, 22);
INSERT INTO `productorder` VALUES (224, '20190909135017025', '110101', '213', '', '123', '15806265658', '2019-09-09 13:50:26', '2019-09-09 13:50:34', '2019-09-09 13:50:42', 3, 25);
INSERT INTO `productorder` VALUES (225, '2019090914043701', '110101', '1111', '', '11', '13335398824', '2019-09-09 14:05:01', '2019-09-09 14:05:05', '2019-09-09 14:05:15', 3, 1);
INSERT INTO `productorder` VALUES (226, '2019090914062001', '110101', '1111', '', '11', '13335398824', '2019-09-09 14:06:20', NULL, NULL, 0, 1);
INSERT INTO `productorder` VALUES (227, '2019090915170001', '110101', '1111', '', '11', '13335398824', '2019-09-09 15:17:00', NULL, NULL, 0, 1);

-- ----------------------------
-- Table structure for productorderitem
-- ----------------------------
DROP TABLE IF EXISTS `productorderitem`;
CREATE TABLE `productorderitem`  (
  `productorderitem_id` int(10) NOT NULL AUTO_INCREMENT,
  `productorderitem_number` smallint(5) UNSIGNED NOT NULL,
  `productorderitem_price` decimal(10, 2) NOT NULL,
  `productorderitem_product_id` int(10) NOT NULL,
  `productorderitem_order_id` int(10) NULL DEFAULT NULL,
  `productorderitem_user_id` int(10) NOT NULL,
  `productorderitem_userMessage` varchar(255) CHARACTER SET utf8 COLLATE utf8_general_ci NULL DEFAULT NULL,
  PRIMARY KEY (`productorderitem_id`) USING BTREE,
  INDEX `productorderitem_product_id`(`productorderitem_product_id`) USING BTREE,
  INDEX `productorderitem_order_id`(`productorderitem_order_id`) USING BTREE,
  INDEX `productorderitem_user_id`(`productorderitem_user_id`) USING BTREE,
  CONSTRAINT `productorderitem_ibfk_1` FOREIGN KEY (`productorderitem_product_id`) REFERENCES `product` (`product_id`) ON DELETE RESTRICT ON UPDATE RESTRICT,
  CONSTRAINT `productorderitem_ibfk_2` FOREIGN KEY (`productorderitem_order_id`) REFERENCES `productorder` (`productorder_id`) ON DELETE CASCADE ON UPDATE RESTRICT,
  CONSTRAINT `productorderitem_ibfk_3` FOREIGN KEY (`productorderitem_user_id`) REFERENCES `user` (`user_id`) ON DELETE RESTRICT ON UPDATE RESTRICT
) ENGINE = InnoDB AUTO_INCREMENT = 292 CHARACTER SET = utf8 COLLATE = utf8_general_ci ROW_FORMAT = Dynamic;

-- ----------------------------
-- Records of productorderitem
-- ----------------------------
INSERT INTO `productorderitem` VALUES (2, 1, 49.00, 41, 1, 1, '');
INSERT INTO `productorderitem` VALUES (3, 1, 118.00, 31, 2, 1, '回头客');
INSERT INTO `productorderitem` VALUES (4, 1, 35.00, 38, 3, 1, '');
INSERT INTO `productorderitem` VALUES (5, 1, 2599.00, 42, 4, 1, '');
INSERT INTO `productorderitem` VALUES (6, 5, 12995.00, 42, 5, 1, '');
INSERT INTO `productorderitem` VALUES (7, 5, 12995.00, 42, 6, 1, '');
INSERT INTO `productorderitem` VALUES (8, 1, 35.00, 38, 7, 1, '');
INSERT INTO `productorderitem` VALUES (9, 1, 469.00, 30, 8, 1, '');
INSERT INTO `productorderitem` VALUES (10, 1, 35.00, 38, 9, 1, '');
INSERT INTO `productorderitem` VALUES (11, 1, 109.00, 67, 10, 1, '');
INSERT INTO `productorderitem` VALUES (12, 1, 528.00, 25, 11, 1, '');
INSERT INTO `productorderitem` VALUES (13, 2, 576.00, 43, 12, 1, '');
INSERT INTO `productorderitem` VALUES (14, 1, 569.00, 44, 13, 1, '');
INSERT INTO `productorderitem` VALUES (15, 1, 79.90, 35, 14, 1, '');
INSERT INTO `productorderitem` VALUES (21, 1, 49.00, 41, 15, 1, '');
INSERT INTO `productorderitem` VALUES (24, 1, 69.00, 5, 16, 1, '');
INSERT INTO `productorderitem` VALUES (26, 1, 89.00, 26, 17, 1, '');
INSERT INTO `productorderitem` VALUES (33, 1, 69.90, 40, 20, 1, NULL);
INSERT INTO `productorderitem` VALUES (34, 1, 35.00, 38, 18, 1, '');
INSERT INTO `productorderitem` VALUES (35, 1, 118.00, 31, 19, 1, '');
INSERT INTO `productorderitem` VALUES (36, 1, 139.00, 36, 20, 1, NULL);
INSERT INTO `productorderitem` VALUES (37, 2, 518.00, 39, 20, 1, NULL);
INSERT INTO `productorderitem` VALUES (38, 1, 680.00, 61, 20, 1, NULL);
INSERT INTO `productorderitem` VALUES (39, 2, 990.00, 77, 20, 1, NULL);
INSERT INTO `productorderitem` VALUES (40, 1, 139.00, 36, 20, 1, NULL);
INSERT INTO `productorderitem` VALUES (41, 1, 69.90, 40, 20, 1, NULL);
INSERT INTO `productorderitem` VALUES (42, 2, 990.00, 77, 20, 1, NULL);
INSERT INTO `productorderitem` VALUES (43, 1, 259.00, 39, 20, 1, NULL);
INSERT INTO `productorderitem` VALUES (44, 1, 680.00, 61, 20, 1, NULL);
INSERT INTO `productorderitem` VALUES (45, 1, 78.90, 33, 20, 1, NULL);
INSERT INTO `productorderitem` VALUES (46, 1, 59.00, 34, 20, 1, NULL);
INSERT INTO `productorderitem` VALUES (47, 1, 59.00, 34, 21, 1, '');
INSERT INTO `productorderitem` VALUES (48, 1, 69.90, 40, 23, 1, '');
INSERT INTO `productorderitem` VALUES (49, 1, 69.90, 40, 22, 1, '');
INSERT INTO `productorderitem` VALUES (50, 1, 2599.00, 42, 23, 1, '');
INSERT INTO `productorderitem` VALUES (51, 1, 59.00, 34, 24, 1, '');
INSERT INTO `productorderitem` VALUES (52, 1, 69.90, 40, 25, 1, '');
INSERT INTO `productorderitem` VALUES (53, 2, 5198.00, 42, 26, 1, '111');
INSERT INTO `productorderitem` VALUES (54, 3, 2997.00, 47, 26, 1, '222');
INSERT INTO `productorderitem` VALUES (55, 1, 79.90, 37, 27, 1, 'zzz');
INSERT INTO `productorderitem` VALUES (56, 1, 49.00, 41, 29, 1, '');
INSERT INTO `productorderitem` VALUES (57, 2, 159.80, 35, 29, 1, '');
INSERT INTO `productorderitem` VALUES (58, 3, 267.00, 26, 29, 1, '');
INSERT INTO `productorderitem` VALUES (59, 1, 78.00, 32, 29, 1, '');
INSERT INTO `productorderitem` VALUES (60, 2, 278.00, 8, 29, 1, '');
INSERT INTO `productorderitem` VALUES (61, 1, 78.90, 33, 28, 1, '');
INSERT INTO `productorderitem` VALUES (62, 5, 394.50, 33, 29, 1, '');
INSERT INTO `productorderitem` VALUES (63, 1, 79.00, 1, 30, 1, '');
INSERT INTO `productorderitem` VALUES (64, 1, 79.00, 1, 31, 1, '');
INSERT INTO `productorderitem` VALUES (65, 1, 49.00, 41, 32, 1, 'disddadd');
INSERT INTO `productorderitem` VALUES (66, 2, 98.00, 41, 33, 1, 'da');
INSERT INTO `productorderitem` VALUES (67, 1, 79.00, 1, 33, 1, 'daad');
INSERT INTO `productorderitem` VALUES (68, 2, 158.00, 9, 33, 1, '');
INSERT INTO `productorderitem` VALUES (69, 1, 69.90, 40, 34, 1, '');
INSERT INTO `productorderitem` VALUES (70, 1, 35.00, 38, 35, 1, '');
INSERT INTO `productorderitem` VALUES (71, 1, 118.00, 31, 36, 1, '');
INSERT INTO `productorderitem` VALUES (72, 1, 288.00, 43, 37, 1, '');
INSERT INTO `productorderitem` VALUES (73, 1, 139.00, 36, 38, 1, '');
INSERT INTO `productorderitem` VALUES (74, 5, 12995.00, 42, 39, 1, '');
INSERT INTO `productorderitem` VALUES (75, 1, 59.00, 34, 40, 1, '');
INSERT INTO `productorderitem` VALUES (76, 1, 79.90, 37, 41, 1, '');
INSERT INTO `productorderitem` VALUES (77, 1, 89.00, 26, 42, 1, '');
INSERT INTO `productorderitem` VALUES (78, 1, 528.00, 25, 155, 1, '');
INSERT INTO `productorderitem` VALUES (79, 1, 78.00, 32, 155, 1, '');
INSERT INTO `productorderitem` VALUES (80, 1, 49.00, 41, 43, 1, '111133');
INSERT INTO `productorderitem` VALUES (81, 1, 79.00, 9, 44, 3, '');
INSERT INTO `productorderitem` VALUES (82, 1, 59.00, 14, 45, 6, '');
INSERT INTO `productorderitem` VALUES (83, 1, 49.00, 41, 46, 6, '');
INSERT INTO `productorderitem` VALUES (84, 1, 79.00, 1, NULL, 7, NULL);
INSERT INTO `productorderitem` VALUES (85, 1, 79.00, 1, 47, 7, '');
INSERT INTO `productorderitem` VALUES (86, 1, 79.00, 1, 48, 1, '');
INSERT INTO `productorderitem` VALUES (87, 1, 79.00, 1, 49, 1, '');
INSERT INTO `productorderitem` VALUES (88, 1, 79.00, 1, 50, 7, '');
INSERT INTO `productorderitem` VALUES (89, 1, 79.00, 1, 51, 7, '');
INSERT INTO `productorderitem` VALUES (90, 1, 79.00, 1, 52, 6, '');
INSERT INTO `productorderitem` VALUES (91, 1, 79.00, 1, NULL, 9, NULL);
INSERT INTO `productorderitem` VALUES (92, 1, 79.00, 1, 53, 9, '');
INSERT INTO `productorderitem` VALUES (93, 1, 79.00, 1, 54, 8, '');
INSERT INTO `productorderitem` VALUES (94, 1, 79.00, 1, 55, 9, '');
INSERT INTO `productorderitem` VALUES (95, 1, 79.00, 1, 56, 6, '');
INSERT INTO `productorderitem` VALUES (96, 1, 79.00, 1, 57, 6, '小码');
INSERT INTO `productorderitem` VALUES (97, 1, 49.00, 41, 58, 8, '');
INSERT INTO `productorderitem` VALUES (98, 5, 12995.00, 42, 59, 6, '');
INSERT INTO `productorderitem` VALUES (99, 4, 10396.00, 42, NULL, 9, NULL);
INSERT INTO `productorderitem` VALUES (100, 3, 7797.00, 42, 60, 9, '');
INSERT INTO `productorderitem` VALUES (101, 1, 2599.00, 42, 61, 1, '');
INSERT INTO `productorderitem` VALUES (102, 1, 2599.00, 42, 62, 9, '');
INSERT INTO `productorderitem` VALUES (103, 1, 2599.00, 42, 63, 10, '');
INSERT INTO `productorderitem` VALUES (104, 1, 2599.00, 42, 64, 9, '');
INSERT INTO `productorderitem` VALUES (105, 4, 10396.00, 42, 65, 8, '');
INSERT INTO `productorderitem` VALUES (106, 1, 2599.00, 42, 66, 3, '');
INSERT INTO `productorderitem` VALUES (107, 99, 4851.00, 41, 67, 3, '');
INSERT INTO `productorderitem` VALUES (108, 1, 79.00, 1, 68, 3, '');
INSERT INTO `productorderitem` VALUES (109, 100, 259900.00, 42, 69, 9, '');
INSERT INTO `productorderitem` VALUES (110, 199, 15721.00, 1, 70, 3, '');
INSERT INTO `productorderitem` VALUES (111, 160, 415840.00, 42, 71, 10, '');
INSERT INTO `productorderitem` VALUES (112, 198, 514602.00, 42, 72, 8, '');
INSERT INTO `productorderitem` VALUES (113, 20, 51980.00, 42, 73, 10, '');
INSERT INTO `productorderitem` VALUES (114, 1, 59.00, 34, NULL, 11, NULL);
INSERT INTO `productorderitem` VALUES (115, 1, 59.00, 34, 74, 11, '');
INSERT INTO `productorderitem` VALUES (116, 999, 78921.00, 1, 75, 12, '');
INSERT INTO `productorderitem` VALUES (117, 1, 49.00, 41, 76, 11, '');
INSERT INTO `productorderitem` VALUES (118, 1, 1599.00, 46, 77, 11, '');
INSERT INTO `productorderitem` VALUES (119, 6, 2814.00, 30, 78, 10, '');
INSERT INTO `productorderitem` VALUES (120, 1, 469.00, 30, 79, 11, '');
INSERT INTO `productorderitem` VALUES (121, 5, 2345.00, 30, 80, 3, '带发票');
INSERT INTO `productorderitem` VALUES (122, 1, 469.00, 30, 81, 8, '');
INSERT INTO `productorderitem` VALUES (123, 1, 1190.00, 68, 82, 12, '');
INSERT INTO `productorderitem` VALUES (124, 1, 469.00, 30, 83, 13, '');
INSERT INTO `productorderitem` VALUES (125, 1, 79.00, 1, 84, 3, '');
INSERT INTO `productorderitem` VALUES (126, 6, 708.00, 31, NULL, 7, NULL);
INSERT INTO `productorderitem` VALUES (127, 5, 590.00, 31, 85, 7, '');
INSERT INTO `productorderitem` VALUES (128, 1, 139.00, 21, NULL, 7, NULL);
INSERT INTO `productorderitem` VALUES (129, 1, 139.00, 21, 86, 7, '');
INSERT INTO `productorderitem` VALUES (130, 3, 417.00, 8, 87, 10, '');
INSERT INTO `productorderitem` VALUES (131, 1, 139.00, 36, 88, 7, '');
INSERT INTO `productorderitem` VALUES (132, 1, 169.00, 29, 89, 7, '');
INSERT INTO `productorderitem` VALUES (133, 1, 35.00, 38, 90, 7, '');
INSERT INTO `productorderitem` VALUES (134, 1, 1136.00, 18, 91, 7, '');
INSERT INTO `productorderitem` VALUES (135, 1, 159.00, 15, 92, 7, '');
INSERT INTO `productorderitem` VALUES (136, 1, 139.00, 36, 93, 7, '');
INSERT INTO `productorderitem` VALUES (137, 1, 49.00, 41, 94, 7, '');
INSERT INTO `productorderitem` VALUES (138, 1, 199.00, 2, 95, 7, '');
INSERT INTO `productorderitem` VALUES (139, 1, 129.50, 12, 96, 7, '');
INSERT INTO `productorderitem` VALUES (140, 5, 2845.00, 44, 97, 10, '');
INSERT INTO `productorderitem` VALUES (141, 1, 118.00, 31, 98, 7, '');
INSERT INTO `productorderitem` VALUES (142, 1, 79.00, 9, 99, 7, '');
INSERT INTO `productorderitem` VALUES (143, 1, 199.00, 2, 100, 12, '');
INSERT INTO `productorderitem` VALUES (144, 1, 139.00, 21, 101, 7, '');
INSERT INTO `productorderitem` VALUES (145, 1, 1136.00, 18, 102, 7, '');
INSERT INTO `productorderitem` VALUES (146, 1, 899.00, 27, 103, 10, '');
INSERT INTO `productorderitem` VALUES (147, 1, 75.00, 4, 104, 1, '');
INSERT INTO `productorderitem` VALUES (148, 1, 79.00, 9, 105, 7, '');
INSERT INTO `productorderitem` VALUES (149, 1, 35.00, 38, 106, 1, '');
INSERT INTO `productorderitem` VALUES (150, 1, 79.00, 1, NULL, 12, NULL);
INSERT INTO `productorderitem` VALUES (151, 1, 79.00, 1, 107, 12, '');
INSERT INTO `productorderitem` VALUES (152, 1, 78.00, 32, 108, 7, '');
INSERT INTO `productorderitem` VALUES (153, 1, 79.90, 35, 109, 1, '');
INSERT INTO `productorderitem` VALUES (154, 1, 89.00, 26, 110, 1, '');
INSERT INTO `productorderitem` VALUES (155, 1, 79.90, 35, 111, 7, '');
INSERT INTO `productorderitem` VALUES (156, 1, 78.00, 32, 112, 1, '');
INSERT INTO `productorderitem` VALUES (157, 1, 139.00, 16, NULL, 7, NULL);
INSERT INTO `productorderitem` VALUES (158, 1, 139.00, 16, 113, 7, '');
INSERT INTO `productorderitem` VALUES (159, 1, 59.00, 14, 114, 1, '');
INSERT INTO `productorderitem` VALUES (160, 1, 44.90, 63, 115, 1, '');
INSERT INTO `productorderitem` VALUES (161, 1, 139.00, 10, 116, 7, '');
INSERT INTO `productorderitem` VALUES (162, 1, 79.00, 1, 117, 12, '');
INSERT INTO `productorderitem` VALUES (163, 1, 590.00, 60, 118, 1, '');
INSERT INTO `productorderitem` VALUES (164, 3, 234.00, 32, 119, 10, '');
INSERT INTO `productorderitem` VALUES (165, 1, 259.00, 39, 120, 7, '');
INSERT INTO `productorderitem` VALUES (166, 1, 79.90, 35, 121, 7, '');
INSERT INTO `productorderitem` VALUES (167, 1, 2599.00, 42, 122, 14, '');
INSERT INTO `productorderitem` VALUES (168, 1, 79.00, 1, 123, 3, '');
INSERT INTO `productorderitem` VALUES (169, 500, 1299500.00, 42, 124, 14, '');
INSERT INTO `productorderitem` VALUES (170, 1, 79.00, 9, 125, 3, '');
INSERT INTO `productorderitem` VALUES (171, 1, 350.00, 62, 126, 10, '');
INSERT INTO `productorderitem` VALUES (172, 1, 2999.00, 81, 127, 10, '');
INSERT INTO `productorderitem` VALUES (173, 5, 395.00, 1, 128, 14, '');
INSERT INTO `productorderitem` VALUES (174, 1, 1599.00, 46, 129, 10, '');
INSERT INTO `productorderitem` VALUES (175, 1, 4088.00, 45, 130, 14, '');
INSERT INTO `productorderitem` VALUES (176, 3, 177.00, 13, 131, 10, '');
INSERT INTO `productorderitem` VALUES (177, 1, 59.90, 66, 132, 10, '');
INSERT INTO `productorderitem` VALUES (178, 1, 990.00, 77, 133, 10, '');
INSERT INTO `productorderitem` VALUES (179, 1, 118.00, 31, 134, 10, '');
INSERT INTO `productorderitem` VALUES (180, 9, 14391.00, 46, 135, 10, '');
INSERT INTO `productorderitem` VALUES (181, 1, 49.00, 41, 136, 10, '');
INSERT INTO `productorderitem` VALUES (182, 1, 69.90, 40, 137, 10, '');
INSERT INTO `productorderitem` VALUES (183, 1, 528.00, 25, 138, 10, '');
INSERT INTO `productorderitem` VALUES (184, 1, 139.00, 36, 139, 10, '');
INSERT INTO `productorderitem` VALUES (185, 3, 239.70, 35, 140, 10, '');
INSERT INTO `productorderitem` VALUES (186, 6, 654.00, 64, 141, 10, '');
INSERT INTO `productorderitem` VALUES (187, 8, 7920.00, 83, 142, 10, '');
INSERT INTO `productorderitem` VALUES (188, 1, 89.00, 26, 143, 10, '');
INSERT INTO `productorderitem` VALUES (189, 1, 2599.00, 42, 144, 14, '');
INSERT INTO `productorderitem` VALUES (190, 6, 408.00, 17, 145, 10, '');
INSERT INTO `productorderitem` VALUES (191, 1, 399.60, 28, 146, 14, '');
INSERT INTO `productorderitem` VALUES (192, 2, 1798.00, 27, 147, 10, '');
INSERT INTO `productorderitem` VALUES (193, 1, 298.00, 78, 148, 10, '');
INSERT INTO `productorderitem` VALUES (194, 2, 98.00, 41, 149, 14, '');
INSERT INTO `productorderitem` VALUES (195, 1, 49.00, 41, 150, 14, '');
INSERT INTO `productorderitem` VALUES (196, 1, 999.00, 47, 151, 10, '');
INSERT INTO `productorderitem` VALUES (197, 1, 259.00, 39, 152, 1, '');
INSERT INTO `productorderitem` VALUES (198, 1, 528.00, 25, 153, 1, '');
INSERT INTO `productorderitem` VALUES (199, 1, 59.00, 34, 154, 1, '');
INSERT INTO `productorderitem` VALUES (200, 1, 138.00, 23, 155, 1, '');
INSERT INTO `productorderitem` VALUES (201, 1, 1480.00, 75, 156, 10, '');
INSERT INTO `productorderitem` VALUES (202, 1, 1190.00, 79, 157, 10, '');
INSERT INTO `productorderitem` VALUES (203, 2, 980.00, 48, 158, 14, '');
INSERT INTO `productorderitem` VALUES (204, 1, 1480.00, 75, 159, 10, '');
INSERT INTO `productorderitem` VALUES (205, 2, 3598.00, 70, 160, 8, '');
INSERT INTO `productorderitem` VALUES (206, 1, 298.00, 78, 161, 10, '');
INSERT INTO `productorderitem` VALUES (207, 1, 298.00, 78, 162, 10, '');
INSERT INTO `productorderitem` VALUES (208, 5, 1440.00, 43, 163, 8, '');
INSERT INTO `productorderitem` VALUES (209, 1, 1599.00, 46, 164, 10, '');
INSERT INTO `productorderitem` VALUES (210, 1, 668.00, 84, 165, 8, '');
INSERT INTO `productorderitem` VALUES (211, 1, 259.00, 39, 166, 10, '');
INSERT INTO `productorderitem` VALUES (212, 1, 139.00, 10, 167, 10, '');
INSERT INTO `productorderitem` VALUES (213, 1, 79.90, 37, 168, 10, '');
INSERT INTO `productorderitem` VALUES (214, 5, 995.00, 20, 169, 10, '');
INSERT INTO `productorderitem` VALUES (215, 4, 10236.00, 71, 170, 15, '');
INSERT INTO `productorderitem` VALUES (216, 1, 138.00, 23, 171, 15, '');
INSERT INTO `productorderitem` VALUES (217, 1, 2599.00, 42, 172, 15, '');
INSERT INTO `productorderitem` VALUES (218, 1, 139.00, 16, 173, 8, '');
INSERT INTO `productorderitem` VALUES (219, 60, 34140.00, 44, 174, 8, '');
INSERT INTO `productorderitem` VALUES (220, 1, 288.00, 43, 175, 10, '');
INSERT INTO `productorderitem` VALUES (221, 50, 49950.00, 47, 176, 16, '');
INSERT INTO `productorderitem` VALUES (222, 1, 118.00, 31, 177, 16, '');
INSERT INTO `productorderitem` VALUES (223, 1, 528.00, 25, 178, 16, '');
INSERT INTO `productorderitem` VALUES (224, 1, 159.00, 15, 179, 16, '');
INSERT INTO `productorderitem` VALUES (225, 10, 790.00, 1, 180, 16, '');
INSERT INTO `productorderitem` VALUES (226, 1, 899.00, 27, 181, 16, '');
INSERT INTO `productorderitem` VALUES (227, 1, 59.00, 14, 182, 10, '');
INSERT INTO `productorderitem` VALUES (228, 1, 59.90, 66, 183, 10, '');
INSERT INTO `productorderitem` VALUES (229, 1, 329.00, 22, 184, 16, '');
INSERT INTO `productorderitem` VALUES (230, 1, 680.00, 61, 185, 10, '');
INSERT INTO `productorderitem` VALUES (231, 1, 59.00, 34, 186, 10, '');
INSERT INTO `productorderitem` VALUES (232, 1, 4089.00, 80, 187, 10, '');
INSERT INTO `productorderitem` VALUES (233, 1, 4089.00, 80, 188, 10, '');
INSERT INTO `productorderitem` VALUES (234, 1, 999.00, 47, 189, 10, '');
INSERT INTO `productorderitem` VALUES (235, 1, 69.90, 40, 190, 1, '');
INSERT INTO `productorderitem` VALUES (236, 1, 69.00, 5, 191, 1, '');
INSERT INTO `productorderitem` VALUES (237, 1, 399.60, 28, 192, 1, '');
INSERT INTO `productorderitem` VALUES (238, 1, 469.00, 30, 193, 1, '');
INSERT INTO `productorderitem` VALUES (239, 1, 2999.00, 81, 194, 1, '');
INSERT INTO `productorderitem` VALUES (240, 1, 569.00, 44, 195, 1, '');
INSERT INTO `productorderitem` VALUES (241, 1, 999.00, 47, 196, 1, '');
INSERT INTO `productorderitem` VALUES (242, 1, 1599.00, 46, 197, 10, '');
INSERT INTO `productorderitem` VALUES (243, 1, 4089.00, 80, 198, 3, '');
INSERT INTO `productorderitem` VALUES (244, 1, 329.00, 22, 199, 3, '');
INSERT INTO `productorderitem` VALUES (245, 1, 1190.00, 68, 200, 10, '');
INSERT INTO `productorderitem` VALUES (246, 1, 139.00, 36, 201, 3, '');
INSERT INTO `productorderitem` VALUES (247, 1, 59.00, 65, 202, 3, '');
INSERT INTO `productorderitem` VALUES (248, 1, 44.90, 63, 203, 3, '');
INSERT INTO `productorderitem` VALUES (249, 1, 230.00, 57, 204, 3, '');
INSERT INTO `productorderitem` VALUES (250, 1, 288.00, 43, 205, 3, '');
INSERT INTO `productorderitem` VALUES (251, 1, 59.00, 34, 211, 1, '');
INSERT INTO `productorderitem` VALUES (252, 1, 139.00, 36, 211, 1, '');
INSERT INTO `productorderitem` VALUES (253, 4, 796.00, 20, 211, 1, '');
INSERT INTO `productorderitem` VALUES (254, 1, 49.00, 41, 206, 16, '');
INSERT INTO `productorderitem` VALUES (255, 1, 49.00, 41, 207, 1, '');
INSERT INTO `productorderitem` VALUES (261, 5, 2845.00, 44, NULL, 17, NULL);
INSERT INTO `productorderitem` VALUES (262, 5, 12995.00, 42, 208, 18, '带包装盒');
INSERT INTO `productorderitem` VALUES (263, 1, 2599.00, 42, 209, 18, '');
INSERT INTO `productorderitem` VALUES (264, 1, 569.00, 44, 209, 18, '');
INSERT INTO `productorderitem` VALUES (265, 1, 469.00, 30, 210, 19, '128250000');
INSERT INTO `productorderitem` VALUES (266, 3, 987.00, 24, 211, 1, '');
INSERT INTO `productorderitem` VALUES (267, 4, 3596.00, 27, 211, 1, '');
INSERT INTO `productorderitem` VALUES (268, 1, 899.00, 27, 212, 20, '大一码');
INSERT INTO `productorderitem` VALUES (269, 2, 98.00, 41, 213, 20, '');
INSERT INTO `productorderitem` VALUES (270, 1, 139.00, 36, 213, 20, '');
INSERT INTO `productorderitem` VALUES (271, 1, 89.00, 26, 214, 21, '黑色');
INSERT INTO `productorderitem` VALUES (273, 4, 140.00, 38, 215, 21, '');
INSERT INTO `productorderitem` VALUES (274, 4, 10396.00, 42, 215, 21, '');
INSERT INTO `productorderitem` VALUES (275, 4, 6396.00, 46, 215, 21, '');
INSERT INTO `productorderitem` VALUES (276, 1, 259.00, 39, 216, 1, '');
INSERT INTO `productorderitem` VALUES (277, 1, 59.80, 11, 217, 1, '');
INSERT INTO `productorderitem` VALUES (278, 1, 49.00, 41, 218, 1, '');
INSERT INTO `productorderitem` VALUES (279, 1, 2599.00, 42, 219, 1, '黑色');
INSERT INTO `productorderitem` VALUES (281, 5, 20440.00, 45, 220, 1, '');
INSERT INTO `productorderitem` VALUES (282, 1, 569.00, 44, 220, 1, '');
INSERT INTO `productorderitem` VALUES (283, 1, 49.00, 41, 220, 1, '');
INSERT INTO `productorderitem` VALUES (284, 1, 2599.00, 42, 221, 1, '');
INSERT INTO `productorderitem` VALUES (285, 1, 288.00, 43, 222, 23, '');
INSERT INTO `productorderitem` VALUES (286, 1, 1090.00, 53, 223, 22, '给我最贵的');
INSERT INTO `productorderitem` VALUES (287, 1, 49.00, 41, NULL, 24, NULL);
INSERT INTO `productorderitem` VALUES (288, 1, 49.00, 41, 224, 25, '');
INSERT INTO `productorderitem` VALUES (289, 1, 49.00, 41, 225, 1, '');
INSERT INTO `productorderitem` VALUES (290, 1, 49.00, 41, 226, 1, '');
INSERT INTO `productorderitem` VALUES (291, 1, 49.00, 41, 227, 1, '');

-- ----------------------------
-- Table structure for property
-- ----------------------------
DROP TABLE IF EXISTS `property`;
CREATE TABLE `property`  (
  `property_id` int(10) NOT NULL AUTO_INCREMENT,
  `property_name` varchar(25) CHARACTER SET utf8 COLLATE utf8_general_ci NOT NULL,
  `property_category_id` int(10) NOT NULL,
  PRIMARY KEY (`property_id`) USING BTREE,
  INDEX `property_category_id`(`property_category_id`) USING BTREE,
  INDEX `cn_property_name`(`property_name`) USING BTREE,
  CONSTRAINT `property_ibfk_1` FOREIGN KEY (`property_category_id`) REFERENCES `category` (`category_id`) ON DELETE CASCADE ON UPDATE RESTRICT
) ENGINE = InnoDB AUTO_INCREMENT = 245 CHARACTER SET = utf8 COLLATE = utf8_general_ci ROW_FORMAT = Dynamic;

-- ----------------------------
-- Records of property
-- ----------------------------
INSERT INTO `property` VALUES (1, '材质成分', 1);
INSERT INTO `property` VALUES (2, '服装版型', 1);
INSERT INTO `property` VALUES (3, '风格', 1);
INSERT INTO `property` VALUES (4, '衣长', 1);
INSERT INTO `property` VALUES (5, '袖长', 1);
INSERT INTO `property` VALUES (6, '领型', 1);
INSERT INTO `property` VALUES (7, '图案', 1);
INSERT INTO `property` VALUES (8, '品牌', 1);
INSERT INTO `property` VALUES (9, '适用年龄', 1);
INSERT INTO `property` VALUES (10, '年份季节', 1);
INSERT INTO `property` VALUES (11, '颜色分类', 1);
INSERT INTO `property` VALUES (12, '尺码', 1);
INSERT INTO `property` VALUES (13, '材质成分', 2);
INSERT INTO `property` VALUES (14, '服装版型', 2);
INSERT INTO `property` VALUES (15, '风格', 2);
INSERT INTO `property` VALUES (16, '衣长', 2);
INSERT INTO `property` VALUES (17, '袖长', 2);
INSERT INTO `property` VALUES (18, '领型', 2);
INSERT INTO `property` VALUES (19, '图案', 2);
INSERT INTO `property` VALUES (20, '品牌', 2);
INSERT INTO `property` VALUES (21, '适用年龄', 2);
INSERT INTO `property` VALUES (22, '年份季节', 2);
INSERT INTO `property` VALUES (23, '颜色分类', 2);
INSERT INTO `property` VALUES (24, '尺码', 2);
INSERT INTO `property` VALUES (25, '品牌', 3);
INSERT INTO `property` VALUES (26, '上市年份季节', 3);
INSERT INTO `property` VALUES (27, '帮面材质', 3);
INSERT INTO `property` VALUES (28, '鞋底材质', 3);
INSERT INTO `property` VALUES (29, '鞋头款式', 3);
INSERT INTO `property` VALUES (30, '后跟高', 3);
INSERT INTO `property` VALUES (31, '跟底款式', 3);
INSERT INTO `property` VALUES (32, '鞋帮高度', 3);
INSERT INTO `property` VALUES (33, '颜色分类', 3);
INSERT INTO `property` VALUES (34, '尺码', 3);
INSERT INTO `property` VALUES (35, '后帮', 3);
INSERT INTO `property` VALUES (41, '是否商场同款', 5);
INSERT INTO `property` VALUES (42, '品牌', 5);
INSERT INTO `property` VALUES (43, '型号', 5);
INSERT INTO `property` VALUES (44, '机芯类型', 5);
INSERT INTO `property` VALUES (45, '手表种类', 5);
INSERT INTO `property` VALUES (46, '风格', 5);
INSERT INTO `property` VALUES (47, '表带材质', 5);
INSERT INTO `property` VALUES (48, '形状', 5);
INSERT INTO `property` VALUES (49, '显示方式', 5);
INSERT INTO `property` VALUES (50, '上市时间', 5);
INSERT INTO `property` VALUES (51, '颜色分类', 5);
INSERT INTO `property` VALUES (52, '防水深度', 5);
INSERT INTO `property` VALUES (53, '品牌产地', 5);
INSERT INTO `property` VALUES (54, '证书编号', 6);
INSERT INTO `property` VALUES (55, '证书状态', 6);
INSERT INTO `property` VALUES (56, '产品名称', 6);
INSERT INTO `property` VALUES (57, '3C规格型号', 6);
INSERT INTO `property` VALUES (58, '产品名称', 6);
INSERT INTO `property` VALUES (59, '品牌名称', 6);
INSERT INTO `property` VALUES (60, 'CPU型号', 6);
INSERT INTO `property` VALUES (61, '机身颜色', 6);
INSERT INTO `property` VALUES (62, '网络模式', 6);
INSERT INTO `property` VALUES (63, '品牌', 7);
INSERT INTO `property` VALUES (64, '安全等级', 7);
INSERT INTO `property` VALUES (65, '材质成分', 7);
INSERT INTO `property` VALUES (66, '货号', 7);
INSERT INTO `property` VALUES (67, '适用性别', 7);
INSERT INTO `property` VALUES (68, '颜色分类', 7);
INSERT INTO `property` VALUES (69, '参考身高', 7);
INSERT INTO `property` VALUES (70, '款式', 7);
INSERT INTO `property` VALUES (71, '风格', 7);
INSERT INTO `property` VALUES (72, '适用季节', 7);
INSERT INTO `property` VALUES (73, '面料', 7);
INSERT INTO `property` VALUES (74, '衣门襟', 7);
INSERT INTO `property` VALUES (75, '袖长', 7);
INSERT INTO `property` VALUES (76, '生产许可编号', 8);
INSERT INTO `property` VALUES (77, '产品标准号', 8);
INSERT INTO `property` VALUES (78, '厂名', 8);
INSERT INTO `property` VALUES (79, '厂址', 8);
INSERT INTO `property` VALUES (80, '厂家联系方式', 8);
INSERT INTO `property` VALUES (81, '配料表', 8);
INSERT INTO `property` VALUES (82, '储藏方法', 8);
INSERT INTO `property` VALUES (83, '保质期', 8);
INSERT INTO `property` VALUES (84, '食品添加剂', 8);
INSERT INTO `property` VALUES (85, '净含量', 8);
INSERT INTO `property` VALUES (86, '包装方式', 8);
INSERT INTO `property` VALUES (87, '包装种类', 8);
INSERT INTO `property` VALUES (88, '品牌', 8);
INSERT INTO `property` VALUES (89, '系列', 8);
INSERT INTO `property` VALUES (90, '有机食品', 8);
INSERT INTO `property` VALUES (91, '食品口味', 8);
INSERT INTO `property` VALUES (92, '是否含糖', 8);
INSERT INTO `property` VALUES (93, '产地', 8);
INSERT INTO `property` VALUES (94, '省份', 8);
INSERT INTO `property` VALUES (95, '城市', 8);
INSERT INTO `property` VALUES (96, '厂名', 9);
INSERT INTO `property` VALUES (97, '厂址', 9);
INSERT INTO `property` VALUES (98, '厂家联系方式', 9);
INSERT INTO `property` VALUES (99, '配料表', 9);
INSERT INTO `property` VALUES (100, '储藏方法', 9);
INSERT INTO `property` VALUES (101, '保质期', 9);
INSERT INTO `property` VALUES (102, '食品添加剂', 9);
INSERT INTO `property` VALUES (103, '个数', 9);
INSERT INTO `property` VALUES (104, '净含量', 9);
INSERT INTO `property` VALUES (105, '包装方式', 9);
INSERT INTO `property` VALUES (106, '原产地', 9);
INSERT INTO `property` VALUES (107, '同城服务', 9);
INSERT INTO `property` VALUES (108, '品牌', 9);
INSERT INTO `property` VALUES (109, '售卖方式', 9);
INSERT INTO `property` VALUES (110, '有机食品', 9);
INSERT INTO `property` VALUES (111, '生鲜储存温度', 9);
INSERT INTO `property` VALUES (112, '热卖时间', 9);
INSERT INTO `property` VALUES (113, '产地', 9);
INSERT INTO `property` VALUES (114, '省份', 9);
INSERT INTO `property` VALUES (115, '城市', 9);
INSERT INTO `property` VALUES (116, '套餐份量', 9);
INSERT INTO `property` VALUES (117, '套餐周期', 9);
INSERT INTO `property` VALUES (118, '配送频次', 9);
INSERT INTO `property` VALUES (119, '特产品类', 9);
INSERT INTO `property` VALUES (120, '价格', 9);
INSERT INTO `property` VALUES (121, '水果种类', 9);
INSERT INTO `property` VALUES (122, '证书编号', 10);
INSERT INTO `property` VALUES (123, '证书状态', 10);
INSERT INTO `property` VALUES (124, '产品名称', 10);
INSERT INTO `property` VALUES (125, '3C规格型号', 10);
INSERT INTO `property` VALUES (127, '保修期', 10);
INSERT INTO `property` VALUES (128, '品牌', 10);
INSERT INTO `property` VALUES (129, '型号', 10);
INSERT INTO `property` VALUES (130, '能效等级', 10);
INSERT INTO `property` VALUES (131, '空调类型', 10);
INSERT INTO `property` VALUES (132, '分辨率', 10);
INSERT INTO `property` VALUES (133, '工作方式', 10);
INSERT INTO `property` VALUES (134, '适用面积', 10);
INSERT INTO `property` VALUES (135, '产品类型', 10);
INSERT INTO `property` VALUES (136, '使用方式', 10);
INSERT INTO `property` VALUES (137, '电机类型', 10);
INSERT INTO `property` VALUES (138, '品牌', 11);
INSERT INTO `property` VALUES (139, '型号', 11);
INSERT INTO `property` VALUES (140, '安装辅材包', 11);
INSERT INTO `property` VALUES (141, '计价单位', 11);
INSERT INTO `property` VALUES (142, '颜色分类', 11);
INSERT INTO `property` VALUES (143, '厚度', 11);
INSERT INTO `property` VALUES (144, '基材', 11);
INSERT INTO `property` VALUES (145, '尺寸', 11);
INSERT INTO `property` VALUES (146, '材质', 11);
INSERT INTO `property` VALUES (147, '品牌', 12);
INSERT INTO `property` VALUES (148, '型号', 12);
INSERT INTO `property` VALUES (149, '汽车品牌', 12);
INSERT INTO `property` VALUES (150, '适用季节', 12);
INSERT INTO `property` VALUES (151, '表层材质', 12);
INSERT INTO `property` VALUES (152, '颜色分类', 12);
INSERT INTO `property` VALUES (153, '主要材质含量', 12);
INSERT INTO `property` VALUES (154, '图案', 12);
INSERT INTO `property` VALUES (155, '座位数', 12);
INSERT INTO `property` VALUES (156, '替换原车套', 12);
INSERT INTO `property` VALUES (157, '发动机种类', 12);
INSERT INTO `property` VALUES (158, '产品名称', 12);
INSERT INTO `property` VALUES (159, '净含量', 12);
INSERT INTO `property` VALUES (160, '机油分类', 12);
INSERT INTO `property` VALUES (161, '粘度级别', 12);
INSERT INTO `property` VALUES (162, '机油级别', 12);
INSERT INTO `property` VALUES (163, '品牌', 13);
INSERT INTO `property` VALUES (164, '产品等级', 13);
INSERT INTO `property` VALUES (165, '制造工艺', 13);
INSERT INTO `property` VALUES (166, '尺寸', 13);
INSERT INTO `property` VALUES (167, '羽绒羽毛种类', 13);
INSERT INTO `property` VALUES (168, '被套织造工艺', 13);
INSERT INTO `property` VALUES (169, '被套面料', 13);
INSERT INTO `property` VALUES (170, '被子种类', 13);
INSERT INTO `property` VALUES (171, '绒子含量', 13);
INSERT INTO `property` VALUES (172, '货号', 13);
INSERT INTO `property` VALUES (173, '适用季节', 13);
INSERT INTO `property` VALUES (174, '颜色分类', 13);
INSERT INTO `property` VALUES (175, '适用场景', 13);
INSERT INTO `property` VALUES (176, '鲜花主花材', 13);
INSERT INTO `property` VALUES (177, '适用对象', 13);
INSERT INTO `property` VALUES (178, '鲜花朵数', 13);
INSERT INTO `property` VALUES (179, '适用节日', 13);
INSERT INTO `property` VALUES (180, '绿植工艺', 13);
INSERT INTO `property` VALUES (181, '鲜花规格', 13);
INSERT INTO `property` VALUES (182, '花束辅材', 13);
INSERT INTO `property` VALUES (183, '品牌', 14);
INSERT INTO `property` VALUES (184, '产品名称', 14);
INSERT INTO `property` VALUES (185, '产品剂型', 14);
INSERT INTO `property` VALUES (186, '使用剂量', 14);
INSERT INTO `property` VALUES (187, '套餐类型', 14);
INSERT INTO `property` VALUES (188, '有效期', 14);
INSERT INTO `property` VALUES (189, '用法', 14);
INSERT INTO `property` VALUES (190, '药品分类', 14);
INSERT INTO `property` VALUES (191, '药品名称', 14);
INSERT INTO `property` VALUES (192, '药品通用名', 14);
INSERT INTO `property` VALUES (193, '批准文号', 14);
INSERT INTO `property` VALUES (194, '生产企业', 14);
INSERT INTO `property` VALUES (195, '规格', 14);
INSERT INTO `property` VALUES (196, '类别', 14);
INSERT INTO `property` VALUES (197, '品牌', 15);
INSERT INTO `property` VALUES (198, '产品名称', 15);
INSERT INTO `property` VALUES (199, '包装体积', 15);
INSERT INTO `property` VALUES (200, '流行元素', 15);
INSERT INTO `property` VALUES (201, '适用人群', 15);
INSERT INTO `property` VALUES (202, '适用场景', 15);
INSERT INTO `property` VALUES (203, '颜色分类', 15);
INSERT INTO `property` VALUES (204, '风格', 15);
INSERT INTO `property` VALUES (205, '型号', 15);
INSERT INTO `property` VALUES (206, '材质', 15);
INSERT INTO `property` VALUES (207, '产地', 15);
INSERT INTO `property` VALUES (208, '净重', 15);
INSERT INTO `property` VALUES (209, '原产地', 15);
INSERT INTO `property` VALUES (210, '品名', 15);
INSERT INTO `property` VALUES (211, '毛重', 15);
INSERT INTO `property` VALUES (212, '厂家名称', 15);
INSERT INTO `property` VALUES (213, '厂家地址', 15);
INSERT INTO `property` VALUES (214, '狗狗品种', 15);
INSERT INTO `property` VALUES (215, '适用阶段', 15);
INSERT INTO `property` VALUES (216, '食品口味', 15);
INSERT INTO `property` VALUES (217, '配方/口味', 15);
INSERT INTO `property` VALUES (218, '产品名称', 16);
INSERT INTO `property` VALUES (219, '是否是套装', 16);
INSERT INTO `property` VALUES (220, '书名', 16);
INSERT INTO `property` VALUES (221, '定价', 16);
INSERT INTO `property` VALUES (222, '出版社名称', 16);
INSERT INTO `property` VALUES (223, '出版时间', 16);
INSERT INTO `property` VALUES (224, '作者', 16);
INSERT INTO `property` VALUES (225, '编者', 16);
INSERT INTO `property` VALUES (226, '开本', 16);
INSERT INTO `property` VALUES (227, '书名', 16);
INSERT INTO `property` VALUES (228, 'ISBN编号', 16);
INSERT INTO `property` VALUES (229, '品牌', 4);
INSERT INTO `property` VALUES (230, '产品名称', 4);
INSERT INTO `property` VALUES (231, '保质期', 4);
INSERT INTO `property` VALUES (232, '面膜分类', 4);
INSERT INTO `property` VALUES (233, '规格类型', 4);
INSERT INTO `property` VALUES (234, '适合肤质', 4);
INSERT INTO `property` VALUES (235, '净含量', 4);
INSERT INTO `property` VALUES (236, '品名', 4);
INSERT INTO `property` VALUES (237, '批准文号', 4);
INSERT INTO `property` VALUES (238, '功效', 4);
INSERT INTO `property` VALUES (239, '产地', 4);
INSERT INTO `property` VALUES (240, '上市时间', 4);
INSERT INTO `property` VALUES (241, '型号', 4);
INSERT INTO `property` VALUES (242, '适用对象', 4);
INSERT INTO `property` VALUES (243, '件数', 4);
INSERT INTO `property` VALUES (244, '适用发质', 4);

-- ----------------------------
-- Table structure for propertyvalue
-- ----------------------------
DROP TABLE IF EXISTS `propertyvalue`;
CREATE TABLE `propertyvalue`  (
  `propertyvalue_id` int(10) NOT NULL AUTO_INCREMENT,
  `propertyvalue_value` varchar(100) CHARACTER SET utf8 COLLATE utf8_general_ci NOT NULL,
  `propertyvalue_property_id` int(10) NOT NULL,
  `propertyvalue_product_id` int(10) NOT NULL,
  PRIMARY KEY (`propertyvalue_id`) USING BTREE,
  INDEX `propertyvalue_property_id`(`propertyvalue_property_id`) USING BTREE,
  INDEX `propertyvalue_product_id`(`propertyvalue_product_id`) USING BTREE,
  CONSTRAINT `propertyvalue_ibfk_1` FOREIGN KEY (`propertyvalue_property_id`) REFERENCES `property` (`property_id`) ON DELETE CASCADE ON UPDATE RESTRICT,
  CONSTRAINT `propertyvalue_ibfk_2` FOREIGN KEY (`propertyvalue_product_id`) REFERENCES `product` (`product_id`) ON DELETE RESTRICT ON UPDATE RESTRICT
) ENGINE = InnoDB AUTO_INCREMENT = 716 CHARACTER SET = utf8 COLLATE = utf8_general_ci ROW_FORMAT = Dynamic;

-- ----------------------------
-- Records of propertyvalue
-- ----------------------------
INSERT INTO `propertyvalue` VALUES (1, '通勤', 3, 1);
INSERT INTO `propertyvalue` VALUES (2, '宽松', 2, 1);
INSERT INTO `propertyvalue` VALUES (3, '2018年春季', 10, 1);
INSERT INTO `propertyvalue` VALUES (4, '棉95.1% 聚氨酯弹性纤维(氨纶)4.9%', 1, 1);
INSERT INTO `propertyvalue` VALUES (5, '拼色', 7, 1);
INSERT INTO `propertyvalue` VALUES (6, '连帽', 6, 1);
INSERT INTO `propertyvalue` VALUES (7, '长袖', 5, 1);
INSERT INTO `propertyvalue` VALUES (8, '常规', 4, 1);
INSERT INTO `propertyvalue` VALUES (9, '18-24周岁', 9, 1);
INSERT INTO `propertyvalue` VALUES (10, '戚米', 8, 1);
INSERT INTO `propertyvalue` VALUES (11, '白色 红色 黄色', 11, 1);
INSERT INTO `propertyvalue` VALUES (12, '均码', 12, 1);
INSERT INTO `propertyvalue` VALUES (13, '通勤', 3, 2);
INSERT INTO `propertyvalue` VALUES (14, '宽松', 2, 2);
INSERT INTO `propertyvalue` VALUES (15, '2018年春季', 10, 2);
INSERT INTO `propertyvalue` VALUES (16, '棉98.4% 粘胶纤维(粘纤)1.6%', 1, 2);
INSERT INTO `propertyvalue` VALUES (17, '纯色', 7, 2);
INSERT INTO `propertyvalue` VALUES (18, '连帽', 6, 2);
INSERT INTO `propertyvalue` VALUES (19, '长袖', 5, 2);
INSERT INTO `propertyvalue` VALUES (20, '中长款', 4, 2);
INSERT INTO `propertyvalue` VALUES (21, '18-24周岁', 9, 2);
INSERT INTO `propertyvalue` VALUES (22, '乔琪诺', 8, 2);
INSERT INTO `propertyvalue` VALUES (23, '蓝色', 11, 2);
INSERT INTO `propertyvalue` VALUES (24, 'XS S M L', 12, 2);
INSERT INTO `propertyvalue` VALUES (25, '纯色', 19, 3);
INSERT INTO `propertyvalue` VALUES (26, '长袖', 17, 3);
INSERT INTO `propertyvalue` VALUES (27, '青春流行', 15, 3);
INSERT INTO `propertyvalue` VALUES (28, '聚酯纤维95% 聚氨酯弹性纤维(氨纶)5%', 13, 3);
INSERT INTO `propertyvalue` VALUES (29, '高帮', 32, 4);
INSERT INTO `propertyvalue` VALUES (30, '浅蓝 深蓝', 33, 4);
INSERT INTO `propertyvalue` VALUES (31, '35 36 37 38 39', 34, 4);
INSERT INTO `propertyvalue` VALUES (32, '人本', 25, 4);
INSERT INTO `propertyvalue` VALUES (33, '2017年春季', 26, 4);
INSERT INTO `propertyvalue` VALUES (34, '橡胶', 28, 4);
INSERT INTO `propertyvalue` VALUES (35, '通勤', 3, 5);
INSERT INTO `propertyvalue` VALUES (36, '宽松', 2, 5);
INSERT INTO `propertyvalue` VALUES (37, '2018年春季', 10, 5);
INSERT INTO `propertyvalue` VALUES (38, '棉80% 聚酯纤维20%', 1, 5);
INSERT INTO `propertyvalue` VALUES (39, '字母', 7, 5);
INSERT INTO `propertyvalue` VALUES (40, '连帽', 6, 5);
INSERT INTO `propertyvalue` VALUES (41, '长袖', 5, 5);
INSERT INTO `propertyvalue` VALUES (42, '短款', 4, 5);
INSERT INTO `propertyvalue` VALUES (43, '18-24周岁', 9, 5);
INSERT INTO `propertyvalue` VALUES (44, '沂森', 8, 5);
INSERT INTO `propertyvalue` VALUES (45, '白色MOU 粉色MOU 姜黄MOU 蓝色MOU 卡其MOU 红色MOU 黑色MOU 灰色MOU 姜', 11, 5);
INSERT INTO `propertyvalue` VALUES (46, 'S M L XL', 12, 5);
INSERT INTO `propertyvalue` VALUES (47, '中年', 21, 6);
INSERT INTO `propertyvalue` VALUES (48, '商务绅士', 15, 6);
INSERT INTO `propertyvalue` VALUES (49, '棉65.2% 聚酯纤维33.6% 聚氨酯弹性纤维(氨纶)1.2%', 13, 6);
INSERT INTO `propertyvalue` VALUES (50, '低帮', 32, 7);
INSERT INTO `propertyvalue` VALUES (51, '35 36 37 38 39', 34, 7);
INSERT INTO `propertyvalue` VALUES (52, '人本', 25, 7);
INSERT INTO `propertyvalue` VALUES (53, '2016年夏季', 26, 7);
INSERT INTO `propertyvalue` VALUES (54, '橡胶', 28, 7);
INSERT INTO `propertyvalue` VALUES (55, '长袖', 17, 8);
INSERT INTO `propertyvalue` VALUES (56, '方领', 18, 8);
INSERT INTO `propertyvalue` VALUES (57, '商务休闲', 15, 8);
INSERT INTO `propertyvalue` VALUES (58, '聚酯纤维95% 聚氨酯弹性纤维(氨纶)5%', 13, 8);
INSERT INTO `propertyvalue` VALUES (59, '修身', 14, 8);
INSERT INTO `propertyvalue` VALUES (60, '通勤', 3, 9);
INSERT INTO `propertyvalue` VALUES (61, '直筒', 2, 9);
INSERT INTO `propertyvalue` VALUES (62, '2018年春季', 10, 9);
INSERT INTO `propertyvalue` VALUES (63, '棉94% 聚氨酯弹性纤维(氨纶)6%', 1, 9);
INSERT INTO `propertyvalue` VALUES (64, '人物', 7, 9);
INSERT INTO `propertyvalue` VALUES (65, '连帽', 6, 9);
INSERT INTO `propertyvalue` VALUES (66, '长袖', 5, 9);
INSERT INTO `propertyvalue` VALUES (67, '常规', 4, 9);
INSERT INTO `propertyvalue` VALUES (68, '18-24周岁', 9, 9);
INSERT INTO `propertyvalue` VALUES (69, 'Loytio/洛蒂欧', 8, 9);
INSERT INTO `propertyvalue` VALUES (70, '白色 绿色', 11, 9);
INSERT INTO `propertyvalue` VALUES (71, '均码', 12, 9);
INSERT INTO `propertyvalue` VALUES (72, '青年', 21, 10);
INSERT INTO `propertyvalue` VALUES (73, '条纹', 19, 10);
INSERT INTO `propertyvalue` VALUES (74, '长袖', 17, 10);
INSERT INTO `propertyvalue` VALUES (75, '翻领', 18, 10);
INSERT INTO `propertyvalue` VALUES (76, '青春流行', 15, 10);
INSERT INTO `propertyvalue` VALUES (77, '粘胶纤维(粘纤)55% 聚酯纤维45%', 13, 10);
INSERT INTO `propertyvalue` VALUES (78, '修身', 14, 10);
INSERT INTO `propertyvalue` VALUES (79, '高帮', 32, 11);
INSERT INTO `propertyvalue` VALUES (80, '黑夜光仰望中 黑仰望中非夜光 白仰望中 兰花鹿中 白底背影中 黑底背影中 梅花鹿中 白夜光仰望中', 33, 11);
INSERT INTO `propertyvalue` VALUES (81, '30 31 32 33 34 35 36 37 38 39 40 41 42 43', 34, 11);
INSERT INTO `propertyvalue` VALUES (82, '牛牛手绘', 25, 11);
INSERT INTO `propertyvalue` VALUES (83, '2015年秋季', 26, 11);
INSERT INTO `propertyvalue` VALUES (84, '牛筋', 28, 11);
INSERT INTO `propertyvalue` VALUES (85, '街头', 3, 12);
INSERT INTO `propertyvalue` VALUES (86, '宽松', 2, 12);
INSERT INTO `propertyvalue` VALUES (87, '2018年春季', 10, 12);
INSERT INTO `propertyvalue` VALUES (88, '棉100%', 1, 12);
INSERT INTO `propertyvalue` VALUES (89, '字母', 7, 12);
INSERT INTO `propertyvalue` VALUES (90, '圆领', 6, 12);
INSERT INTO `propertyvalue` VALUES (91, '短袖', 5, 12);
INSERT INTO `propertyvalue` VALUES (92, '常规款', 4, 12);
INSERT INTO `propertyvalue` VALUES (93, '25-29周岁', 9, 12);
INSERT INTO `propertyvalue` VALUES (94, 'ELF SACK/妖精的口袋', 8, 12);
INSERT INTO `propertyvalue` VALUES (95, '芝士白（SLXL预售4.27发)', 11, 12);
INSERT INTO `propertyvalue` VALUES (96, 'S M L XL', 12, 12);
INSERT INTO `propertyvalue` VALUES (97, '高帮', 32, 13);
INSERT INTO `propertyvalue` VALUES (98, 'N810深蓝纯色 N810浅蓝纯色 N810黑色纯色 N810深蓝夜光星星 N810浅蓝夜光星星', 33, 13);
INSERT INTO `propertyvalue` VALUES (99, '35 36 37 38 39 40', 34, 13);
INSERT INTO `propertyvalue` VALUES (100, 'VIVIENKLEIN', 25, 13);
INSERT INTO `propertyvalue` VALUES (101, '2016年春季', 26, 13);
INSERT INTO `propertyvalue` VALUES (102, '橡胶', 28, 13);
INSERT INTO `propertyvalue` VALUES (103, '高帮', 32, 14);
INSERT INTO `propertyvalue` VALUES (104, '黑色-高帮情侣款 白色-高帮情侣款 黑色-高帮女孩 白色-高帮女孩 黑色-高帮男孩 白色-高帮男孩', 33, 14);
INSERT INTO `propertyvalue` VALUES (105, '35 36 37 38 39 40 41 42 43', 34, 14);
INSERT INTO `propertyvalue` VALUES (106, 'YOVCA', 25, 14);
INSERT INTO `propertyvalue` VALUES (107, '2015年秋季', 26, 14);
INSERT INTO `propertyvalue` VALUES (108, '橡胶', 28, 14);
INSERT INTO `propertyvalue` VALUES (109, '2018年夏季', 10, 15);
INSERT INTO `propertyvalue` VALUES (110, '棉91.3% 聚酯纤维7.3% 聚氨酯弹性纤维(氨纶)1.4%', 1, 15);
INSERT INTO `propertyvalue` VALUES (111, '25-29周岁', 9, 15);
INSERT INTO `propertyvalue` VALUES (112, 'ESE·Y/逸阳', 8, 15);
INSERT INTO `propertyvalue` VALUES (113, '牛仔蓝-八分 浅蓝色-八分 牛仔蓝-九分', 11, 15);
INSERT INTO `propertyvalue` VALUES (114, '25/5 26/7 27/9 28/11 29/13 30/15 31/17 32//19 33/', 12, 15);
INSERT INTO `propertyvalue` VALUES (115, '青年', 21, 16);
INSERT INTO `propertyvalue` VALUES (116, '方领', 18, 16);
INSERT INTO `propertyvalue` VALUES (117, '青春流行', 15, 16);
INSERT INTO `propertyvalue` VALUES (118, '聚酯纤维68.7% 棉31.3%', 13, 16);
INSERT INTO `propertyvalue` VALUES (119, '修身', 14, 16);
INSERT INTO `propertyvalue` VALUES (120, '低帮', 32, 17);
INSERT INTO `propertyvalue` VALUES (121, '518黑白 518黑蓝橘 518黑红 518黑玫红 518红色 2616黑色 2616白色 261', 33, 17);
INSERT INTO `propertyvalue` VALUES (122, '35 36 37 38 39 40 41 42 43 44', 34, 17);
INSERT INTO `propertyvalue` VALUES (123, '韵肯', 25, 17);
INSERT INTO `propertyvalue` VALUES (124, '2016年夏季', 26, 17);
INSERT INTO `propertyvalue` VALUES (125, '橡胶', 28, 17);
INSERT INTO `propertyvalue` VALUES (126, '通勤', 3, 18);
INSERT INTO `propertyvalue` VALUES (127, '2018年夏季', 10, 18);
INSERT INTO `propertyvalue` VALUES (128, '聚酯纤维100%', 1, 18);
INSERT INTO `propertyvalue` VALUES (129, '碎花', 7, 18);
INSERT INTO `propertyvalue` VALUES (130, 'V领', 6, 18);
INSERT INTO `propertyvalue` VALUES (131, '短袖', 5, 18);
INSERT INTO `propertyvalue` VALUES (132, '中裙', 4, 18);
INSERT INTO `propertyvalue` VALUES (133, '35-39周岁', 9, 18);
INSERT INTO `propertyvalue` VALUES (134, 'Koradior/珂莱蒂尔', 8, 18);
INSERT INTO `propertyvalue` VALUES (135, '花色', 11, 18);
INSERT INTO `propertyvalue` VALUES (136, 'S M L XL XXL', 12, 18);
INSERT INTO `propertyvalue` VALUES (137, '低跟(1-3cm)', 30, 19);
INSERT INTO `propertyvalue` VALUES (138, '低帮', 32, 19);
INSERT INTO `propertyvalue` VALUES (139, '平底', 31, 19);
INSERT INTO `propertyvalue` VALUES (140, '27深兰（H14W7521） 07绿色（H14W7521） 14粉红（H14W7521） 04白色', 33, 19);
INSERT INTO `propertyvalue` VALUES (141, '34 35 36 37 38 39', 34, 19);
INSERT INTO `propertyvalue` VALUES (142, 'Hotwind/热风', 25, 19);
INSERT INTO `propertyvalue` VALUES (143, '2017年春季', 26, 19);
INSERT INTO `propertyvalue` VALUES (144, '超细纤维', 27, 19);
INSERT INTO `propertyvalue` VALUES (145, '橡胶', 28, 19);
INSERT INTO `propertyvalue` VALUES (146, '其他', 29, 19);
INSERT INTO `propertyvalue` VALUES (147, '其他', 3, 20);
INSERT INTO `propertyvalue` VALUES (148, '标准', 2, 20);
INSERT INTO `propertyvalue` VALUES (149, '聚酯纤维58.5% 棉41.5%', 1, 20);
INSERT INTO `propertyvalue` VALUES (150, '纯色', 7, 20);
INSERT INTO `propertyvalue` VALUES (151, '尖领（常规）', 6, 20);
INSERT INTO `propertyvalue` VALUES (152, '短袖', 5, 20);
INSERT INTO `propertyvalue` VALUES (153, '青年', 9, 20);
INSERT INTO `propertyvalue` VALUES (154, '秋季', 10, 21);
INSERT INTO `propertyvalue` VALUES (155, '棉63.5% 聚酯纤维31.6% 聚氨酯弹性纤维(氨纶)4.9%', 1, 21);
INSERT INTO `propertyvalue` VALUES (156, '25-35周岁', 9, 21);
INSERT INTO `propertyvalue` VALUES (157, 'Free Breath/自由呼吸', 8, 21);
INSERT INTO `propertyvalue` VALUES (158, '桔红【预售L 4/25陆续发货】 浅粉【预售M/L/XL/2XL 4/25陆续发货】 柠黄【预售M', 11, 21);
INSERT INTO `propertyvalue` VALUES (159, 'L M XL XXL XXXL', 12, 21);
INSERT INTO `propertyvalue` VALUES (160, '中跟(3-5cm)', 30, 22);
INSERT INTO `propertyvalue` VALUES (161, '细跟', 31, 22);
INSERT INTO `propertyvalue` VALUES (162, 'Black黑色 Navy深蓝色 White白色', 33, 22);
INSERT INTO `propertyvalue` VALUES (163, '34 35 36 37 38 39 40 41', 34, 22);
INSERT INTO `propertyvalue` VALUES (164, 'CHARLES&KEITH', 25, 22);
INSERT INTO `propertyvalue` VALUES (165, '2018年春季', 26, 22);
INSERT INTO `propertyvalue` VALUES (166, 'PU', 27, 22);
INSERT INTO `propertyvalue` VALUES (167, '复合底', 28, 22);
INSERT INTO `propertyvalue` VALUES (168, '尖头', 29, 22);
INSERT INTO `propertyvalue` VALUES (169, '2018年夏季', 10, 23);
INSERT INTO `propertyvalue` VALUES (170, '棉95% 聚氨酯弹性纤维(氨纶)5%', 1, 23);
INSERT INTO `propertyvalue` VALUES (171, '25-35周岁', 9, 23);
INSERT INTO `propertyvalue` VALUES (172, '梦辕', 8, 23);
INSERT INTO `propertyvalue` VALUES (173, '彩蓝+白裤 荧光绿+白裤 玫红+黑裤 白色+白裤 玫红+白裤 彩蓝+黑裤 荧光绿+黑裤 白色+黑裤', 11, 23);
INSERT INTO `propertyvalue` VALUES (174, 'L【建议102-112斤】 M【建议92-102斤】 S 【建议65-92斤】 XL【建议112-', 12, 23);
INSERT INTO `propertyvalue` VALUES (175, '低跟(1-3cm)', 30, 24);
INSERT INTO `propertyvalue` VALUES (176, '方跟', 31, 24);
INSERT INTO `propertyvalue` VALUES (177, 'Black黑色 Pink粉红色 White白色', 33, 24);
INSERT INTO `propertyvalue` VALUES (178, '35 36 37 38 39 40 41', 34, 24);
INSERT INTO `propertyvalue` VALUES (179, 'CHARLES&KEITH', 25, 24);
INSERT INTO `propertyvalue` VALUES (180, '2018年春季', 26, 24);
INSERT INTO `propertyvalue` VALUES (181, 'PU', 27, 24);
INSERT INTO `propertyvalue` VALUES (182, '复合底', 28, 24);
INSERT INTO `propertyvalue` VALUES (183, '尖头', 29, 24);
INSERT INTO `propertyvalue` VALUES (184, '2018年春季', 10, 25);
INSERT INTO `propertyvalue` VALUES (185, '聚酯纤维95% 聚氨酯弹性纤维(氨纶)5%', 1, 25);
INSERT INTO `propertyvalue` VALUES (186, '25-35周岁', 9, 25);
INSERT INTO `propertyvalue` VALUES (187, 'PHICIA/菲西娅', 8, 25);
INSERT INTO `propertyvalue` VALUES (188, '杏色', 11, 25);
INSERT INTO `propertyvalue` VALUES (189, 'M L XL XXL', 12, 25);
INSERT INTO `propertyvalue` VALUES (190, '青年', 21, 26);
INSERT INTO `propertyvalue` VALUES (191, '圆点', 19, 26);
INSERT INTO `propertyvalue` VALUES (192, '短袖', 17, 26);
INSERT INTO `propertyvalue` VALUES (193, '扣领尖领', 18, 26);
INSERT INTO `propertyvalue` VALUES (194, '商务绅士', 15, 26);
INSERT INTO `propertyvalue` VALUES (195, '聚酯纤维60% 棉40%', 13, 26);
INSERT INTO `propertyvalue` VALUES (196, '修身', 14, 26);
INSERT INTO `propertyvalue` VALUES (197, '004大气灰/黑/银灰色/白 黑/闪电蓝/超红/浅碳黑 001黑/白 104白/黑/脉冲珊瑚蓝', 33, 27);
INSERT INTO `propertyvalue` VALUES (198, '38.5 39 40 40.5 41 42 42.5 43 44 44.5 45 46 47', 34, 27);
INSERT INTO `propertyvalue` VALUES (199, 'Nike/耐克', 25, 27);
INSERT INTO `propertyvalue` VALUES (200, '2018年夏季', 26, 27);
INSERT INTO `propertyvalue` VALUES (201, '织物/橡塑材料', 27, 27);
INSERT INTO `propertyvalue` VALUES (202, '时尚都市', 3, 28);
INSERT INTO `propertyvalue` VALUES (203, '标准', 2, 28);
INSERT INTO `propertyvalue` VALUES (204, '棉100%', 1, 28);
INSERT INTO `propertyvalue` VALUES (205, '纯色', 7, 28);
INSERT INTO `propertyvalue` VALUES (206, '立领', 6, 28);
INSERT INTO `propertyvalue` VALUES (207, '中长款', 4, 28);
INSERT INTO `propertyvalue` VALUES (208, '青年', 9, 28);
INSERT INTO `propertyvalue` VALUES (209, '通勤', 3, 29);
INSERT INTO `propertyvalue` VALUES (210, '直筒', 2, 29);
INSERT INTO `propertyvalue` VALUES (211, '2018年春季', 10, 29);
INSERT INTO `propertyvalue` VALUES (212, '棉100%', 1, 29);
INSERT INTO `propertyvalue` VALUES (213, '圆点', 7, 29);
INSERT INTO `propertyvalue` VALUES (214, 'POLO领', 6, 29);
INSERT INTO `propertyvalue` VALUES (215, '长袖', 5, 29);
INSERT INTO `propertyvalue` VALUES (216, '常规款', 4, 29);
INSERT INTO `propertyvalue` VALUES (217, '25-29周岁', 9, 29);
INSERT INTO `propertyvalue` VALUES (218, 'INMAN/茵曼', 8, 29);
INSERT INTO `propertyvalue` VALUES (219, '浅普蓝（现货，领券减10） 象牙白（领券减10） 粉桃红（现货，领券减10）', 11, 29);
INSERT INTO `propertyvalue` VALUES (220, 'S M L XL', 12, 29);
INSERT INTO `propertyvalue` VALUES (221, '800浅红/蓝黑蓝/银灰色/白 100白/狼灰/银灰色/金属银 黑/黑/煤黑/白', 33, 30);
INSERT INTO `propertyvalue` VALUES (222, '35.5 36 36.5 37.5 38 38.5 39 40 40.5 41 42', 34, 30);
INSERT INTO `propertyvalue` VALUES (223, 'Nike/耐克', 25, 30);
INSERT INTO `propertyvalue` VALUES (224, '2018年夏季', 26, 30);
INSERT INTO `propertyvalue` VALUES (225, '通勤', 3, 31);
INSERT INTO `propertyvalue` VALUES (226, '宽松', 2, 31);
INSERT INTO `propertyvalue` VALUES (227, '2018年春季', 10, 31);
INSERT INTO `propertyvalue` VALUES (228, '其他100%', 1, 31);
INSERT INTO `propertyvalue` VALUES (229, '其他', 7, 31);
INSERT INTO `propertyvalue` VALUES (230, 'V领', 6, 31);
INSERT INTO `propertyvalue` VALUES (231, '长袖', 5, 31);
INSERT INTO `propertyvalue` VALUES (232, '中长款', 4, 31);
INSERT INTO `propertyvalue` VALUES (233, '瑷珊', 8, 31);
INSERT INTO `propertyvalue` VALUES (234, '浅咖色 黑色 红色', 11, 31);
INSERT INTO `propertyvalue` VALUES (235, 'S M L XL', 12, 31);
INSERT INTO `propertyvalue` VALUES (236, '青年', 21, 32);
INSERT INTO `propertyvalue` VALUES (237, '字母数字', 19, 32);
INSERT INTO `propertyvalue` VALUES (238, '圆领', 18, 32);
INSERT INTO `propertyvalue` VALUES (239, '青春流行', 15, 32);
INSERT INTO `propertyvalue` VALUES (240, '棉100%', 13, 32);
INSERT INTO `propertyvalue` VALUES (241, '标准', 14, 32);
INSERT INTO `propertyvalue` VALUES (242, '青春流行', 3, 33);
INSERT INTO `propertyvalue` VALUES (243, '标准', 2, 33);
INSERT INTO `propertyvalue` VALUES (244, '棉100%', 1, 33);
INSERT INTO `propertyvalue` VALUES (245, '圆领', 6, 33);
INSERT INTO `propertyvalue` VALUES (246, '短袖', 5, 33);
INSERT INTO `propertyvalue` VALUES (247, '通勤', 3, 34);
INSERT INTO `propertyvalue` VALUES (248, '修身', 2, 34);
INSERT INTO `propertyvalue` VALUES (249, '2018年夏季', 10, 34);
INSERT INTO `propertyvalue` VALUES (250, '棉92.2% 聚氨酯弹性纤维(氨纶)7.8%', 1, 34);
INSERT INTO `propertyvalue` VALUES (251, '纯色', 7, 34);
INSERT INTO `propertyvalue` VALUES (252, '圆领', 6, 34);
INSERT INTO `propertyvalue` VALUES (253, '短袖', 5, 34);
INSERT INTO `propertyvalue` VALUES (254, '常规款', 4, 34);
INSERT INTO `propertyvalue` VALUES (255, '25-29周岁', 9, 34);
INSERT INTO `propertyvalue` VALUES (256, 'Mefound/棉立方', 8, 34);
INSERT INTO `propertyvalue` VALUES (257, '茉莉白 玫瑰灰 天青', 11, 34);
INSERT INTO `propertyvalue` VALUES (258, 'S M L XL', 12, 34);
INSERT INTO `propertyvalue` VALUES (259, '甜美', 3, 36);
INSERT INTO `propertyvalue` VALUES (260, '宽松', 2, 36);
INSERT INTO `propertyvalue` VALUES (261, '2018年夏季', 10, 36);
INSERT INTO `propertyvalue` VALUES (262, '聚酯纤维100%', 1, 36);
INSERT INTO `propertyvalue` VALUES (263, '花色', 7, 36);
INSERT INTO `propertyvalue` VALUES (264, '荷叶领', 6, 36);
INSERT INTO `propertyvalue` VALUES (265, '长袖', 5, 36);
INSERT INTO `propertyvalue` VALUES (266, '常规款', 4, 36);
INSERT INTO `propertyvalue` VALUES (267, '18-24周岁', 9, 36);
INSERT INTO `propertyvalue` VALUES (268, '润乙一', 8, 36);
INSERT INTO `propertyvalue` VALUES (269, '绿色 黄色', 11, 36);
INSERT INTO `propertyvalue` VALUES (270, 'XS M S', 12, 36);
INSERT INTO `propertyvalue` VALUES (271, '青春流行', 3, 37);
INSERT INTO `propertyvalue` VALUES (272, '标准', 2, 37);
INSERT INTO `propertyvalue` VALUES (273, '棉96.9% 聚氨酯弹性纤维(氨纶)3.1%', 1, 37);
INSERT INTO `propertyvalue` VALUES (274, '字母数字', 7, 37);
INSERT INTO `propertyvalue` VALUES (275, '圆领', 6, 37);
INSERT INTO `propertyvalue` VALUES (276, '短袖', 5, 37);
INSERT INTO `propertyvalue` VALUES (277, '青年', 9, 37);
INSERT INTO `propertyvalue` VALUES (278, '通勤', 3, 38);
INSERT INTO `propertyvalue` VALUES (279, '宽松', 2, 38);
INSERT INTO `propertyvalue` VALUES (280, '2018年夏季', 10, 38);
INSERT INTO `propertyvalue` VALUES (281, '棉95% 聚氨酯弹性纤维(氨纶)5%', 1, 38);
INSERT INTO `propertyvalue` VALUES (282, '卡通动漫 动物图案 植物花卉 几何图案 字母 数字', 7, 38);
INSERT INTO `propertyvalue` VALUES (283, '圆领', 6, 38);
INSERT INTO `propertyvalue` VALUES (284, '短袖', 5, 38);
INSERT INTO `propertyvalue` VALUES (285, '常规款', 4, 38);
INSERT INTO `propertyvalue` VALUES (286, '18-24周岁', 9, 38);
INSERT INTO `propertyvalue` VALUES (287, '彤莉兰', 8, 38);
INSERT INTO `propertyvalue` VALUES (288, '圆领470 黑 V领470 黑 T073 白 T073 黑 T073 黄 T073 粉 T073', 11, 38);
INSERT INTO `propertyvalue` VALUES (289, 'M L XL XXL', 12, 38);
INSERT INTO `propertyvalue` VALUES (290, '通勤', 3, 40);
INSERT INTO `propertyvalue` VALUES (291, '宽松', 2, 40);
INSERT INTO `propertyvalue` VALUES (292, '2018年夏季', 10, 40);
INSERT INTO `propertyvalue` VALUES (293, '棉59.2% 聚酯纤维36.7% 聚氨酯弹性纤维(氨纶)4.1%', 1, 40);
INSERT INTO `propertyvalue` VALUES (294, '几何图案 字母', 7, 40);
INSERT INTO `propertyvalue` VALUES (295, '圆领', 6, 40);
INSERT INTO `propertyvalue` VALUES (296, '短袖', 5, 40);
INSERT INTO `propertyvalue` VALUES (297, '常规款', 4, 40);
INSERT INTO `propertyvalue` VALUES (298, '18-24周岁', 9, 40);
INSERT INTO `propertyvalue` VALUES (299, '柠衣阁', 8, 40);
INSERT INTO `propertyvalue` VALUES (300, '【2件69.9】9052黄色+6477砖红色 【2件69.9】9052黄色+6480芒果黄 【2件', 11, 40);
INSERT INTO `propertyvalue` VALUES (301, 'M L XL XXL', 12, 40);
INSERT INTO `propertyvalue` VALUES (302, '甜美', 3, 41);
INSERT INTO `propertyvalue` VALUES (303, '直筒', 2, 41);
INSERT INTO `propertyvalue` VALUES (304, '2018年夏季', 10, 41);
INSERT INTO `propertyvalue` VALUES (305, '棉100%', 1, 41);
INSERT INTO `propertyvalue` VALUES (306, '卡通动漫 动物图案 字母', 7, 41);
INSERT INTO `propertyvalue` VALUES (307, '圆领', 6, 41);
INSERT INTO `propertyvalue` VALUES (308, '短袖', 5, 41);
INSERT INTO `propertyvalue` VALUES (309, '常规款', 4, 41);
INSERT INTO `propertyvalue` VALUES (310, '18-24周岁', 9, 41);
INSERT INTO `propertyvalue` VALUES (311, '相公娘子', 8, 41);
INSERT INTO `propertyvalue` VALUES (312, '灰色反1社1交1 粉色反社交1 sup白色1 灰色sup 黑色sup1 蓝色sup1 粉色sup1', 11, 41);
INSERT INTO `propertyvalue` VALUES (313, 'S M L XL XXL XXXL', 12, 41);
INSERT INTO `propertyvalue` VALUES (314, 'OPPO', 59, 42);
INSERT INTO `propertyvalue` VALUES (315, 'OPPO R11S', 58, 42);
INSERT INTO `propertyvalue` VALUES (316, 'OPPO R11s（电源适配器：AK779、AK779GB、AK779JH、AK779JH1、VC5', 57, 42);
INSERT INTO `propertyvalue` VALUES (317, 'TD-LTE数字移动电话机', 56, 42);
INSERT INTO `propertyvalue` VALUES (318, '有效', 55, 42);
INSERT INTO `propertyvalue` VALUES (319, '双卡多模', 62, 42);
INSERT INTO `propertyvalue` VALUES (320, '2017011606006547', 54, 42);
INSERT INTO `propertyvalue` VALUES (321, 'SDM660', 60, 42);
INSERT INTO `propertyvalue` VALUES (322, '香槟色 星幕新年版 黑色', 61, 42);
INSERT INTO `propertyvalue` VALUES (323, '5 PATARABET SUD ，33330 SAINT EMILION，FRANCE', 79, 43);
INSERT INTO `propertyvalue` VALUES (324, 'SAS CELLAR PRIVILEGE', 78, 43);
INSERT INTO `propertyvalue` VALUES (325, '常温、避光、卧放', 82, 43);
INSERT INTO `propertyvalue` VALUES (326, '5475 天', 83, 43);
INSERT INTO `propertyvalue` VALUES (327, '86-10-8485 3024', 80, 43);
INSERT INTO `propertyvalue` VALUES (328, '葡萄汁、二氧化硫', 81, 43);
INSERT INTO `propertyvalue` VALUES (329, '包装', 86, 43);
INSERT INTO `propertyvalue` VALUES (330, 'Chateau Monlot/梦陇酒庄', 88, 43);
INSERT INTO `propertyvalue` VALUES (331, '梦陇经典系列', 89, 43);
INSERT INTO `propertyvalue` VALUES (332, '1500ml', 85, 43);
INSERT INTO `propertyvalue` VALUES (333, '小米', 59, 44);
INSERT INTO `propertyvalue` VALUES (334, 'Xiaomi/小米 红米5A', 58, 44);
INSERT INTO `propertyvalue` VALUES (335, 'MCE3B（电源适配器：MDY-08-ET 输出：5VDC 1.0A）', 57, 44);
INSERT INTO `propertyvalue` VALUES (336, 'TD-LTE数字移动电话机', 56, 44);
INSERT INTO `propertyvalue` VALUES (337, '有效', 55, 44);
INSERT INTO `propertyvalue` VALUES (338, '双卡多模', 62, 44);
INSERT INTO `propertyvalue` VALUES (339, '2017011606004154', 54, 44);
INSERT INTO `propertyvalue` VALUES (340, '骁龙425', 60, 44);
INSERT INTO `propertyvalue` VALUES (341, '香槟金 铂银灰 浅蓝色 樱花粉', 61, 44);
INSERT INTO `propertyvalue` VALUES (342, '150m^2 及以上', 134, 46);
INSERT INTO `propertyvalue` VALUES (343, 'S6 白色、S6 黑色，工作参数：直流14.8V 30W；充电参数：直流24V 1A ；', 125, 46);
INSERT INTO `propertyvalue` VALUES (344, '12个月', 127, 46);
INSERT INTO `propertyvalue` VALUES (345, '360', 128, 46);
INSERT INTO `propertyvalue` VALUES (346, '2017010708036299', 122, 46);
INSERT INTO `propertyvalue` VALUES (347, '有效', 123, 46);
INSERT INTO `propertyvalue` VALUES (348, '360扫地机器人', 124, 46);
INSERT INTO `propertyvalue` VALUES (349, 'S6', 129, 46);
INSERT INTO `propertyvalue` VALUES (350, 'Huawei/华为', 59, 45);
INSERT INTO `propertyvalue` VALUES (351, 'Huawei/华为 P20', 58, 45);
INSERT INTO `propertyvalue` VALUES (352, 'EML-AL00（开关电源适配器：HW-050450C00 输出：5VDC，2A或4.5VDC，5A', 57, 45);
INSERT INTO `propertyvalue` VALUES (353, 'TD-LTE数字移动电话机', 56, 45);
INSERT INTO `propertyvalue` VALUES (354, '有效', 55, 45);
INSERT INTO `propertyvalue` VALUES (355, '双卡双待', 62, 45);
INSERT INTO `propertyvalue` VALUES (356, '2018011606048695', 54, 45);
INSERT INTO `propertyvalue` VALUES (357, '宝石蓝 香槟金 渐变樱粉金 亮黑色', 61, 45);
INSERT INTO `propertyvalue` VALUES (358, 'Meizu/魅族', 59, 47);
INSERT INTO `propertyvalue` VALUES (359, 'Meizu/魅族 魅蓝 Note6', 58, 47);
INSERT INTO `propertyvalue` VALUES (360, 'M721Q (USB电源适配器：UP0830S    输出:5.0VDC 3A/8VDC 3A/12', 57, 47);
INSERT INTO `propertyvalue` VALUES (361, 'TD-LTE 数字移动电话机', 56, 47);
INSERT INTO `propertyvalue` VALUES (362, '有效', 55, 47);
INSERT INTO `propertyvalue` VALUES (363, '双卡双待', 62, 47);
INSERT INTO `propertyvalue` VALUES (364, '2017011606986361', 54, 47);
INSERT INTO `propertyvalue` VALUES (365, '骁龙625', 60, 47);
INSERT INTO `propertyvalue` VALUES (366, '香槟金 皓月银 曜石黑 孔雀青', 61, 47);
INSERT INTO `propertyvalue` VALUES (367, 'Estee Lauder/雅诗兰黛 肌透修护眼部精华霜', 230, 48);
INSERT INTO `propertyvalue` VALUES (368, '2019-01-01至2019-12-31', 231, 48);
INSERT INTO `propertyvalue` VALUES (369, 'Estee Lauder/雅诗兰黛', 229, 48);
INSERT INTO `propertyvalue` VALUES (370, '正常规格', 233, 48);
INSERT INTO `propertyvalue` VALUES (371, '改善眼部暗沉 淡化细纹 滋润 补水', 238, 48);
INSERT INTO `propertyvalue` VALUES (372, '2013年', 240, 49);
INSERT INTO `propertyvalue` VALUES (373, 'Clarins/娇韵诗 清透美白防晒亮彩乳SPF40', 230, 49);
INSERT INTO `propertyvalue` VALUES (374, 'Clarins/娇韵诗', 229, 49);
INSERT INTO `propertyvalue` VALUES (375, '任何肤质', 234, 49);
INSERT INTO `propertyvalue` VALUES (376, '女士', 242, 49);
INSERT INTO `propertyvalue` VALUES (377, '正常规格', 233, 49);
INSERT INTO `propertyvalue` VALUES (378, 'Clarins/娇韵诗 清透美白防晒亮彩乳SPF40', 236, 49);
INSERT INTO `propertyvalue` VALUES (379, '50ml 30ml', 235, 49);
INSERT INTO `propertyvalue` VALUES (380, '防晒', 238, 49);
INSERT INTO `propertyvalue` VALUES (381, '国妆特进字J20150495', 237, 49);
INSERT INTO `propertyvalue` VALUES (382, 'Clarins/娇韵诗 纤妍紧致精华乳', 230, 50);
INSERT INTO `propertyvalue` VALUES (383, '2020-01-01至2020-04-02', 231, 50);
INSERT INTO `propertyvalue` VALUES (384, 'Clarins/娇韵诗', 229, 50);
INSERT INTO `propertyvalue` VALUES (385, '任何肤质', 234, 50);
INSERT INTO `propertyvalue` VALUES (386, '正常规格', 233, 50);
INSERT INTO `propertyvalue` VALUES (387, '50ml', 235, 50);
INSERT INTO `propertyvalue` VALUES (388, '提拉紧致 紧致肌肤', 238, 50);
INSERT INTO `propertyvalue` VALUES (389, '国妆特进字J20150497', 237, 50);
INSERT INTO `propertyvalue` VALUES (390, 'Clarins/娇韵诗 青春赋活精华水', 230, 51);
INSERT INTO `propertyvalue` VALUES (391, 'Clarins/娇韵诗', 229, 51);
INSERT INTO `propertyvalue` VALUES (392, '正常规格', 233, 51);
INSERT INTO `propertyvalue` VALUES (393, '200ml', 235, 51);
INSERT INTO `propertyvalue` VALUES (394, '补水 保湿', 238, 51);
INSERT INTO `propertyvalue` VALUES (395, 'Clarins/娇韵诗 焕颜紧致眼霜', 230, 52);
INSERT INTO `propertyvalue` VALUES (396, '2019-08-02至2019-09-12', 231, 52);
INSERT INTO `propertyvalue` VALUES (397, 'Clarins/娇韵诗', 229, 52);
INSERT INTO `propertyvalue` VALUES (398, '任何肤质', 234, 52);
INSERT INTO `propertyvalue` VALUES (399, '正常规格', 233, 52);
INSERT INTO `propertyvalue` VALUES (400, '15ml', 235, 52);
INSERT INTO `propertyvalue` VALUES (401, '眼部舒缓 紧致', 238, 52);
INSERT INTO `propertyvalue` VALUES (402, '80017653', 241, 53);
INSERT INTO `propertyvalue` VALUES (403, 'Clarins/娇韵诗', 229, 53);
INSERT INTO `propertyvalue` VALUES (405, 'Clarins/娇韵诗 恒润奇肌保湿凝露', 230, 54);
INSERT INTO `propertyvalue` VALUES (406, 'Clarins/娇韵诗', 229, 54);
INSERT INTO `propertyvalue` VALUES (407, '正常规格', 233, 54);
INSERT INTO `propertyvalue` VALUES (408, '凝露', 236, 54);
INSERT INTO `propertyvalue` VALUES (409, '50ml', 235, 54);
INSERT INTO `propertyvalue` VALUES (410, '补水 保湿 控油', 238, 54);
INSERT INTO `propertyvalue` VALUES (411, '日本', 239, 55);
INSERT INTO `propertyvalue` VALUES (412, 'IPSA/茵芙莎 纯美无瑕修饰遮瑕膏SPF25/PA+++', 230, 55);
INSERT INTO `propertyvalue` VALUES (413, '防晒类', 232, 55);
INSERT INTO `propertyvalue` VALUES (414, 'IPSA/茵芙莎', 229, 55);
INSERT INTO `propertyvalue` VALUES (415, '任何肤质', 234, 55);
INSERT INTO `propertyvalue` VALUES (416, '脸部', 242, 55);
INSERT INTO `propertyvalue` VALUES (417, '正常规格', 233, 55);
INSERT INTO `propertyvalue` VALUES (418, 'IPSA/茵芙莎', 236, 55);
INSERT INTO `propertyvalue` VALUES (419, '4.5g', 235, 55);
INSERT INTO `propertyvalue` VALUES (420, '修饰肤色 遮瑕 保湿', 238, 55);
INSERT INTO `propertyvalue` VALUES (421, '国妆特进字J20170439', 237, 55);
INSERT INTO `propertyvalue` VALUES (422, 'IPSA/茵芙莎 水润倍护防晒日乳EX', 230, 56);
INSERT INTO `propertyvalue` VALUES (423, 'IPSA/茵芙莎', 229, 56);
INSERT INTO `propertyvalue` VALUES (424, '正常规格', 233, 56);
INSERT INTO `propertyvalue` VALUES (425, 'IPSA/茵芙莎', 236, 56);
INSERT INTO `propertyvalue` VALUES (426, '30ml', 235, 56);
INSERT INTO `propertyvalue` VALUES (427, '防晒 隔离', 238, 56);
INSERT INTO `propertyvalue` VALUES (428, '国妆特进字J20161126', 237, 56);
INSERT INTO `propertyvalue` VALUES (429, 'IPSA/茵芙莎 舒缓净润洁面乳', 230, 57);
INSERT INTO `propertyvalue` VALUES (430, '价格 ¥480.00  商品详情 累计评价 1369 手机购买  品牌名称：', 229, 57);
INSERT INTO `propertyvalue` VALUES (431, '正常规格', 233, 57);
INSERT INTO `propertyvalue` VALUES (432, '价格 ¥480.00  商品详情 累计评价 1369 手机购买  品牌名称：', 236, 57);
INSERT INTO `propertyvalue` VALUES (433, '125g', 235, 57);
INSERT INTO `propertyvalue` VALUES (434, '舒缓肌肤', 238, 57);
INSERT INTO `propertyvalue` VALUES (435, '国妆备进字J20162948', 237, 57);
INSERT INTO `propertyvalue` VALUES (436, '日本', 239, 58);
INSERT INTO `propertyvalue` VALUES (437, 'IPSA茵芙莎水乳套装UL 流金水自律循环美肌液护肤品套装', 230, 58);
INSERT INTO `propertyvalue` VALUES (438, 'IPSA/茵芙莎', 229, 58);
INSERT INTO `propertyvalue` VALUES (439, '任何肤质', 234, 58);
INSERT INTO `propertyvalue` VALUES (440, '正常规格', 233, 58);
INSERT INTO `propertyvalue` VALUES (441, 'IPSA/茵芙莎', 236, 58);
INSERT INTO `propertyvalue` VALUES (442, '补水 保湿 提拉紧致 提亮肤色 滋润 舒缓肌肤 嫩肤 舒缓镇定 淡斑', 238, 58);
INSERT INTO `propertyvalue` VALUES (443, 'Estee Lauder/雅诗兰黛 鲜亮焕采泡沫洁面乳', 230, 59);
INSERT INTO `propertyvalue` VALUES (444, '36个月', 231, 59);
INSERT INTO `propertyvalue` VALUES (445, 'Estee Lauder/雅诗兰黛', 229, 59);
INSERT INTO `propertyvalue` VALUES (446, '正常规格', 233, 59);
INSERT INTO `propertyvalue` VALUES (447, 'Estee Lauder/雅诗兰黛', 236, 59);
INSERT INTO `propertyvalue` VALUES (448, '125ml', 235, 59);
INSERT INTO `propertyvalue` VALUES (449, '提亮肤色 补水 保湿 舒缓肌肤 清洁毛孔', 238, 59);
INSERT INTO `propertyvalue` VALUES (450, 'Estee Lauder/雅诗兰黛 新肌透修护眼部密集精华', 230, 60);
INSERT INTO `propertyvalue` VALUES (451, 'Estee Lauder/雅诗兰黛', 229, 60);
INSERT INTO `propertyvalue` VALUES (452, '正常规格', 233, 60);
INSERT INTO `propertyvalue` VALUES (453, 'Estee Lauder/雅诗兰黛', 236, 60);
INSERT INTO `propertyvalue` VALUES (454, '15ml', 235, 60);
INSERT INTO `propertyvalue` VALUES (455, '保湿补水 淡化细纹 提拉紧致', 238, 60);
INSERT INTO `propertyvalue` VALUES (456, 'Estee Lauder/雅诗兰黛 密集修护肌透面膜', 230, 61);
INSERT INTO `propertyvalue` VALUES (457, '36个月', 231, 61);
INSERT INTO `propertyvalue` VALUES (458, 'Estee Lauder/雅诗兰黛', 229, 61);
INSERT INTO `propertyvalue` VALUES (459, '任何肤质', 234, 61);
INSERT INTO `propertyvalue` VALUES (460, '正常规格', 233, 61);
INSERT INTO `propertyvalue` VALUES (461, 'Estee Lauder/雅诗兰黛', 236, 61);
INSERT INTO `propertyvalue` VALUES (462, '4片 8片', 235, 61);
INSERT INTO `propertyvalue` VALUES (463, '活肤滋润 舒缓肌肤', 238, 61);
INSERT INTO `propertyvalue` VALUES (464, 'Estee Lauder/雅诗兰黛 鲜活亮采眼部凝露', 230, 62);
INSERT INTO `propertyvalue` VALUES (465, 'Estee Lauder/雅诗兰黛', 229, 62);
INSERT INTO `propertyvalue` VALUES (466, '正常规格', 233, 62);
INSERT INTO `propertyvalue` VALUES (467, 'Estee Lauder/雅诗兰黛', 236, 62);
INSERT INTO `propertyvalue` VALUES (468, '15ml', 235, 62);
INSERT INTO `propertyvalue` VALUES (469, '淡化细纹 滋润 补水', 238, 62);
INSERT INTO `propertyvalue` VALUES (470, '中国大陆', 239, 63);
INSERT INTO `propertyvalue` VALUES (471, '男士赋活洗发水', 241, 63);
INSERT INTO `propertyvalue` VALUES (472, 'EUSEMIA/欧善美 男士赋活洗发水', 230, 63);
INSERT INTO `propertyvalue` VALUES (473, '所有发质', 244, 63);
INSERT INTO `propertyvalue` VALUES (474, '3年', 231, 63);
INSERT INTO `propertyvalue` VALUES (475, 'EUSEMIA/欧善美', 229, 63);
INSERT INTO `propertyvalue` VALUES (476, '男士', 242, 63);
INSERT INTO `propertyvalue` VALUES (477, '常规单品', 233, 63);
INSERT INTO `propertyvalue` VALUES (478, 'EUSEMIA/欧善美', 236, 63);
INSERT INTO `propertyvalue` VALUES (479, '古龙香味400ML+400ML（洗发水+沐浴露） 古龙香味600ML+600ML（洗发水+沐浴露）', 235, 63);
INSERT INTO `propertyvalue` VALUES (480, '深度滋养 柔软顺滑 深层修复 深度清洁 滋润营养 改善毛躁 控油 滋润 补水 去屑', 238, 63);
INSERT INTO `propertyvalue` VALUES (481, '中国大陆', 239, 64);
INSERT INTO `propertyvalue` VALUES (482, '丝质柔滑型去屑洗发水500ml*3', 241, 64);
INSERT INTO `propertyvalue` VALUES (483, '海飞丝 丝质柔滑型去屑洗发水500ml*3', 230, 64);
INSERT INTO `propertyvalue` VALUES (484, '所有发质', 244, 64);
INSERT INTO `propertyvalue` VALUES (485, '3年', 231, 64);
INSERT INTO `propertyvalue` VALUES (486, '海飞丝', 229, 64);
INSERT INTO `propertyvalue` VALUES (487, '通用', 242, 64);
INSERT INTO `propertyvalue` VALUES (488, '海飞丝', 236, 64);
INSERT INTO `propertyvalue` VALUES (489, '500ml', 235, 64);
INSERT INTO `propertyvalue` VALUES (490, '柔软顺滑 去屑止痒 深度清洁 改善毛躁 改善头痒 滋润 补水', 238, 64);
INSERT INTO `propertyvalue` VALUES (491, '韩国', 239, 65);
INSERT INTO `propertyvalue` VALUES (492, '睿嫣润膏 舒盈滋养洗发水', 230, 65);
INSERT INTO `propertyvalue` VALUES (493, '所有发质', 244, 65);
INSERT INTO `propertyvalue` VALUES (494, '睿嫣润膏', 229, 65);
INSERT INTO `propertyvalue` VALUES (495, '正常规格', 233, 65);
INSERT INTO `propertyvalue` VALUES (496, '舒盈滋养洗发水', 236, 65);
INSERT INTO `propertyvalue` VALUES (497, '250mL', 235, 65);
INSERT INTO `propertyvalue` VALUES (498, '深层滋润头皮、清洁 改善毛躁 改善头痒 去头屑 滋润', 238, 65);
INSERT INTO `propertyvalue` VALUES (499, '国妆备进字J20161490', 237, 65);
INSERT INTO `propertyvalue` VALUES (500, '中国大陆', 239, 66);
INSERT INTO `propertyvalue` VALUES (501, '男士洗发水沐浴露', 241, 66);
INSERT INTO `propertyvalue` VALUES (502, 'George caroll/乔治卡罗尔 男士洗发水沐浴露', 230, 66);
INSERT INTO `propertyvalue` VALUES (503, '3年', 231, 66);
INSERT INTO `propertyvalue` VALUES (504, 'George caroll/乔治卡罗尔', 229, 66);
INSERT INTO `propertyvalue` VALUES (505, '通用', 242, 66);
INSERT INTO `propertyvalue` VALUES (506, '常规单品', 233, 66);
INSERT INTO `propertyvalue` VALUES (507, 'George caroll/乔治卡罗尔', 236, 66);
INSERT INTO `propertyvalue` VALUES (508, '深度滋养 柔软顺滑 深层修复 其他 深度清洁 滋润营养 控油 滋润 补水 舒缓肌肤 去屑 清洁发丝', 238, 66);
INSERT INTO `propertyvalue` VALUES (509, '中国大陆', 239, 67);
INSERT INTO `propertyvalue` VALUES (510, '男士去屑洗发露套装', 241, 67);
INSERT INTO `propertyvalue` VALUES (511, 'CLEAR/清扬', 230, 67);
INSERT INTO `propertyvalue` VALUES (512, '所有发质', 244, 67);
INSERT INTO `propertyvalue` VALUES (513, 'CLEAR/清扬', 229, 67);
INSERT INTO `propertyvalue` VALUES (514, '3件', 243, 67);
INSERT INTO `propertyvalue` VALUES (515, '男士', 242, 67);
INSERT INTO `propertyvalue` VALUES (516, '套装', 233, 67);
INSERT INTO `propertyvalue` VALUES (517, 'CLEAR/清扬', 236, 67);
INSERT INTO `propertyvalue` VALUES (518, '其他', 235, 67);
INSERT INTO `propertyvalue` VALUES (519, '柔软顺滑 深度清洁 控油 去屑', 238, 67);
INSERT INTO `propertyvalue` VALUES (520, '指针式', 49, 68);
INSERT INTO `propertyvalue` VALUES (521, '圆形', 48, 68);
INSERT INTO `propertyvalue` VALUES (522, '女', 45, 68);
INSERT INTO `propertyvalue` VALUES (523, 'classic petite 28mm', 43, 68);
INSERT INTO `propertyvalue` VALUES (524, '石英机芯', 44, 68);
INSERT INTO `propertyvalue` VALUES (525, 'Daniel Wellington', 42, 68);
INSERT INTO `propertyvalue` VALUES (526, '不锈钢', 47, 68);
INSERT INTO `propertyvalue` VALUES (527, '是', 41, 68);
INSERT INTO `propertyvalue` VALUES (528, '时尚潮流', 46, 68);
INSERT INTO `propertyvalue` VALUES (529, 'Melrose Black Sterling Black Melrose White Sterli', 51, 68);
INSERT INTO `propertyvalue` VALUES (530, '30米生活防水', 52, 68);
INSERT INTO `propertyvalue` VALUES (531, '欧美', 53, 68);
INSERT INTO `propertyvalue` VALUES (532, '2017年秋冬', 50, 68);
INSERT INTO `propertyvalue` VALUES (533, '指针式', 49, 69);
INSERT INTO `propertyvalue` VALUES (534, '圆形', 48, 69);
INSERT INTO `propertyvalue` VALUES (535, '男', 45, 69);
INSERT INTO `propertyvalue` VALUES (536, '手表镜面材质: 矿物强化玻璃镜面品牌: Daniel Wellington型号:', 43, 69);
INSERT INTO `propertyvalue` VALUES (537, '石英机芯', 44, 69);
INSERT INTO `propertyvalue` VALUES (538, 'Daniel Wellington', 42, 69);
INSERT INTO `propertyvalue` VALUES (539, '风格: 时尚潮流表带材质:', 47, 69);
INSERT INTO `propertyvalue` VALUES (540, '风格:', 46, 69);
INSERT INTO `propertyvalue` VALUES (541, 'Cornwall Black Rosegold Cornwall Black Silver Cor', 51, 69);
INSERT INTO `propertyvalue` VALUES (542, '30米生活防水', 52, 69);
INSERT INTO `propertyvalue` VALUES (543, '欧美', 53, 69);
INSERT INTO `propertyvalue` VALUES (544, '2016年秋冬', 50, 69);
INSERT INTO `propertyvalue` VALUES (545, '形状: 圆形显示方式:', 49, 70);
INSERT INTO `propertyvalue` VALUES (546, '圆形', 48, 70);
INSERT INTO `propertyvalue` VALUES (547, '女', 45, 70);
INSERT INTO `propertyvalue` VALUES (548, 'AR1925', 43, 70);
INSERT INTO `propertyvalue` VALUES (549, '石英机芯', 44, 70);
INSERT INTO `propertyvalue` VALUES (550, 'EMPORIO ARMANI/阿玛尼', 42, 70);
INSERT INTO `propertyvalue` VALUES (551, '不锈钢', 47, 70);
INSERT INTO `propertyvalue` VALUES (552, '时尚潮流', 46, 70);
INSERT INTO `propertyvalue` VALUES (553, '间金色钢带AR1926 银色钢带Ar1925', 51, 70);
INSERT INTO `propertyvalue` VALUES (554, '30米生活防水', 52, 70);
INSERT INTO `propertyvalue` VALUES (555, '欧美', 53, 70);
INSERT INTO `propertyvalue` VALUES (556, '2015年冬季', 50, 70);
INSERT INTO `propertyvalue` VALUES (557, '指针式', 49, 71);
INSERT INTO `propertyvalue` VALUES (558, '圆形', 48, 71);
INSERT INTO `propertyvalue` VALUES (559, '男', 45, 71);
INSERT INTO `propertyvalue` VALUES (560, '机械机芯-自动机械机芯', 44, 71);
INSERT INTO `propertyvalue` VALUES (561, 'Tissot/天梭', 42, 71);
INSERT INTO `propertyvalue` VALUES (562, '表带材质:', 47, 71);
INSERT INTO `propertyvalue` VALUES (563, '是', 41, 71);
INSERT INTO `propertyvalue` VALUES (564, '休闲', 46, 71);
INSERT INTO `propertyvalue` VALUES (565, '钢带罗马黑盘T006.407.11.053.00 钢带数字黑盘T006.407.11.052.00', 51, 71);
INSERT INTO `propertyvalue` VALUES (566, '30米生活防水', 52, 71);
INSERT INTO `propertyvalue` VALUES (567, '瑞士', 53, 71);
INSERT INTO `propertyvalue` VALUES (568, '2009年', 50, 71);
INSERT INTO `propertyvalue` VALUES (569, '指针式', 49, 72);
INSERT INTO `propertyvalue` VALUES (570, '圆形', 48, 72);
INSERT INTO `propertyvalue` VALUES (571, 'Tissot/天梭系列: T033.410.11.053.01机芯类型: 石英机芯手表种类:', 45, 72);
INSERT INTO `propertyvalue` VALUES (572, '石英机芯', 44, 72);
INSERT INTO `propertyvalue` VALUES (573, 'Tissot/天梭', 42, 72);
INSERT INTO `propertyvalue` VALUES (574, '精钢', 47, 72);
INSERT INTO `propertyvalue` VALUES (575, '是', 41, 72);
INSERT INTO `propertyvalue` VALUES (576, '休闲', 46, 72);
INSERT INTO `propertyvalue` VALUES (577, '【现货】男皮带黑T033.410.16.053.01 男皮带白T033.410.16.013.01', 51, 72);
INSERT INTO `propertyvalue` VALUES (578, '30米生活防水', 52, 72);
INSERT INTO `propertyvalue` VALUES (579, '瑞士', 53, 72);
INSERT INTO `propertyvalue` VALUES (580, '2010年', 50, 72);
INSERT INTO `propertyvalue` VALUES (581, '指针式', 49, 73);
INSERT INTO `propertyvalue` VALUES (582, '圆形', 48, 73);
INSERT INTO `propertyvalue` VALUES (583, '男', 45, 73);
INSERT INTO `propertyvalue` VALUES (584, '616725', 43, 73);
INSERT INTO `propertyvalue` VALUES (585, '机械机芯-自动机械机芯', 44, 73);
INSERT INTO `propertyvalue` VALUES (586, 'Rossini/罗西尼', 42, 73);
INSERT INTO `propertyvalue` VALUES (587, '真皮', 47, 73);
INSERT INTO `propertyvalue` VALUES (588, '是', 41, 73);
INSERT INTO `propertyvalue` VALUES (589, '休闲', 46, 73);
INSERT INTO `propertyvalue` VALUES (590, '皮带蓝盘616725G05D 皮带黑盘616725G04C 皮带棕色616725G01G（此花色于', 51, 73);
INSERT INTO `propertyvalue` VALUES (591, '50m', 52, 73);
INSERT INTO `propertyvalue` VALUES (592, '国内', 53, 73);
INSERT INTO `propertyvalue` VALUES (593, '2016年春夏', 50, 73);
INSERT INTO `propertyvalue` VALUES (594, '指针式', 49, 74);
INSERT INTO `propertyvalue` VALUES (595, '圆形', 48, 74);
INSERT INTO `propertyvalue` VALUES (596, '男', 45, 74);
INSERT INTO `propertyvalue` VALUES (597, '5956', 43, 74);
INSERT INTO `propertyvalue` VALUES (598, '机械机芯-自动机械机芯', 44, 74);
INSERT INTO `propertyvalue` VALUES (599, 'Tian Wang/天王', 42, 74);
INSERT INTO `propertyvalue` VALUES (600, '真皮', 47, 74);
INSERT INTO `propertyvalue` VALUES (601, '时尚', 46, 74);
INSERT INTO `propertyvalue` VALUES (602, '灰面黑带 白面棕带 蓝盘蓝带 黑盘棕带', 51, 74);
INSERT INTO `propertyvalue` VALUES (603, '50m', 52, 74);
INSERT INTO `propertyvalue` VALUES (604, '国内', 53, 74);
INSERT INTO `propertyvalue` VALUES (605, '2017年秋冬', 50, 74);
INSERT INTO `propertyvalue` VALUES (606, '指针式', 49, 75);
INSERT INTO `propertyvalue` VALUES (607, '圆形', 48, 75);
INSERT INTO `propertyvalue` VALUES (608, '男', 45, 75);
INSERT INTO `propertyvalue` VALUES (609, '机械机芯-自动机械机芯', 44, 75);
INSERT INTO `propertyvalue` VALUES (610, 'Seagull/海鸥表', 42, 75);
INSERT INTO `propertyvalue` VALUES (611, '其他', 47, 75);
INSERT INTO `propertyvalue` VALUES (612, '复古', 46, 75);
INSERT INTO `propertyvalue` VALUES (613, '黑盘金圈白框黑带 白盘黑圈白框黑带 白盘白圈白框黑带 1', 51, 75);
INSERT INTO `propertyvalue` VALUES (614, '50m', 52, 75);
INSERT INTO `propertyvalue` VALUES (615, '国内', 53, 75);
INSERT INTO `propertyvalue` VALUES (616, '男', 45, 76);
INSERT INTO `propertyvalue` VALUES (617, 'DW-5600BB石', 43, 76);
INSERT INTO `propertyvalue` VALUES (618, '石英机芯', 44, 76);
INSERT INTO `propertyvalue` VALUES (619, 'Casio/卡西欧', 42, 76);
INSERT INTO `propertyvalue` VALUES (620, '其他', 47, 76);
INSERT INTO `propertyvalue` VALUES (621, '运动', 46, 76);
INSERT INTO `propertyvalue` VALUES (622, 'DW-5600BB-1PR DW-5600E-1VPF G-5600E-1PR DW-5600HR', 51, 76);
INSERT INTO `propertyvalue` VALUES (623, '200m', 52, 76);
INSERT INTO `propertyvalue` VALUES (624, '日本', 53, 76);
INSERT INTO `propertyvalue` VALUES (625, '男', 45, 77);
INSERT INTO `propertyvalue` VALUES (626, 'GA-700-7AP', 43, 77);
INSERT INTO `propertyvalue` VALUES (627, '石英机芯', 44, 77);
INSERT INTO `propertyvalue` VALUES (628, 'Casio/卡西欧', 42, 77);
INSERT INTO `propertyvalue` VALUES (629, '其他', 47, 77);
INSERT INTO `propertyvalue` VALUES (630, '是', 41, 77);
INSERT INTO `propertyvalue` VALUES (631, '时尚潮流', 46, 77);
INSERT INTO `propertyvalue` VALUES (632, 'GA-700-2APR GA-700-1APR GA-700-1BPR GA-700-4APR G', 51, 77);
INSERT INTO `propertyvalue` VALUES (633, '200m', 52, 77);
INSERT INTO `propertyvalue` VALUES (634, '日本', 53, 77);
INSERT INTO `propertyvalue` VALUES (635, '指针式', 49, 78);
INSERT INTO `propertyvalue` VALUES (636, '圆形', 48, 78);
INSERT INTO `propertyvalue` VALUES (637, '男', 45, 78);
INSERT INTO `propertyvalue` VALUES (638, 'MTP-1374D-7A', 43, 78);
INSERT INTO `propertyvalue` VALUES (639, '石英机芯', 44, 78);
INSERT INTO `propertyvalue` VALUES (640, 'Casio/卡西欧', 42, 78);
INSERT INTO `propertyvalue` VALUES (641, '金属', 47, 78);
INSERT INTO `propertyvalue` VALUES (642, '时尚潮流', 46, 78);
INSERT INTO `propertyvalue` VALUES (643, 'MTP-1374L-1A MTP-1374D-1A MTP-1374D-7A MTP-1374D-', 51, 78);
INSERT INTO `propertyvalue` VALUES (644, '50m', 52, 78);
INSERT INTO `propertyvalue` VALUES (645, '日本', 53, 78);
INSERT INTO `propertyvalue` VALUES (646, '2013年', 50, 78);
INSERT INTO `propertyvalue` VALUES (647, '男', 45, 79);
INSERT INTO `propertyvalue` VALUES (648, 'DW-5735', 43, 79);
INSERT INTO `propertyvalue` VALUES (649, '石英机芯', 44, 79);
INSERT INTO `propertyvalue` VALUES (650, 'Casio/卡西欧', 42, 79);
INSERT INTO `propertyvalue` VALUES (651, '其他', 47, 79);
INSERT INTO `propertyvalue` VALUES (652, '时尚潮流', 46, 79);
INSERT INTO `propertyvalue` VALUES (653, 'DW-5035D-1BPR（预计5月1日左右发货） DW-5735D-1BPR（预计5月10日左右', 51, 79);
INSERT INTO `propertyvalue` VALUES (654, '200m', 52, 79);
INSERT INTO `propertyvalue` VALUES (655, '日本', 53, 79);
INSERT INTO `propertyvalue` VALUES (656, '2018年春季', 50, 79);
INSERT INTO `propertyvalue` VALUES (657, '双显式', 49, 80);
INSERT INTO `propertyvalue` VALUES (658, '圆形', 48, 80);
INSERT INTO `propertyvalue` VALUES (659, 'SS022990000', 43, 80);
INSERT INTO `propertyvalue` VALUES (660, '智能机芯', 44, 80);
INSERT INTO `propertyvalue` VALUES (661, 'Suunto/颂拓', 42, 80);
INSERT INTO `propertyvalue` VALUES (662, '精钢', 47, 80);
INSERT INTO `propertyvalue` VALUES (663, '是', 41, 80);
INSERT INTO `propertyvalue` VALUES (664, '极速光电心率黑色 极速光电心率蓝色 极速光电心率樱花粉', 51, 80);
INSERT INTO `propertyvalue` VALUES (665, '100m', 52, 80);
INSERT INTO `propertyvalue` VALUES (666, '芬兰', 53, 80);
INSERT INTO `propertyvalue` VALUES (667, '双显式', 49, 81);
INSERT INTO `propertyvalue` VALUES (668, '圆形', 48, 81);
INSERT INTO `propertyvalue` VALUES (669, '军拓铁腕5', 43, 81);
INSERT INTO `propertyvalue` VALUES (670, '智能机芯', 44, 81);
INSERT INTO `propertyvalue` VALUES (671, 'JTOUR/军拓', 42, 81);
INSERT INTO `propertyvalue` VALUES (672, '不锈钢', 47, 81);
INSERT INTO `propertyvalue` VALUES (673, '咖金黑 碳素黑 铂金白 咖金白', 51, 81);
INSERT INTO `propertyvalue` VALUES (674, '50m', 52, 81);
INSERT INTO `propertyvalue` VALUES (675, '国内', 53, 81);
INSERT INTO `propertyvalue` VALUES (676, '2018年春季', 50, 81);
INSERT INTO `propertyvalue` VALUES (677, '597242CZ-1', 43, 82);
INSERT INTO `propertyvalue` VALUES (678, 'pandora/潘多拉', 42, 82);
INSERT INTO `propertyvalue` VALUES (679, '16.5 18.5 20.5', 51, 82);
INSERT INTO `propertyvalue` VALUES (680, '5172560', 43, 83);
INSERT INTO `propertyvalue` VALUES (681, 'Swarovski/施华洛世奇', 42, 83);
INSERT INTO `propertyvalue` VALUES (682, '是', 41, 83);
INSERT INTO `propertyvalue` VALUES (683, 'Bolon/暴龙', 42, 84);
INSERT INTO `propertyvalue` VALUES (684, 'BL7021C11 BL7021C60 BL7021D10 BL7021D70 BL7021D92', 51, 84);
INSERT INTO `propertyvalue` VALUES (685, '厦门', 53, 84);
INSERT INTO `propertyvalue` VALUES (686, '青年', 21, 28);
INSERT INTO `propertyvalue` VALUES (687, '纯色', 19, 28);
INSERT INTO `propertyvalue` VALUES (688, '立领', 18, 28);
INSERT INTO `propertyvalue` VALUES (689, '时尚都市', 15, 28);
INSERT INTO `propertyvalue` VALUES (690, '中长款', 16, 28);
INSERT INTO `propertyvalue` VALUES (691, '棉100%', 13, 28);
INSERT INTO `propertyvalue` VALUES (692, '标准', 14, 28);
INSERT INTO `propertyvalue` VALUES (693, '青年', 21, 37);
INSERT INTO `propertyvalue` VALUES (694, '字母数字', 19, 37);
INSERT INTO `propertyvalue` VALUES (695, '短袖', 17, 37);
INSERT INTO `propertyvalue` VALUES (696, '圆领', 18, 37);
INSERT INTO `propertyvalue` VALUES (697, '青春流行', 15, 37);
INSERT INTO `propertyvalue` VALUES (698, '棉96.9% 聚氨酯弹性纤维(氨纶)3.1%', 13, 37);
INSERT INTO `propertyvalue` VALUES (699, '标准', 14, 37);
INSERT INTO `propertyvalue` VALUES (700, '青年', 21, 20);
INSERT INTO `propertyvalue` VALUES (701, '纯色', 19, 20);
INSERT INTO `propertyvalue` VALUES (702, '短袖', 17, 20);
INSERT INTO `propertyvalue` VALUES (703, '尖领（常规）', 18, 20);
INSERT INTO `propertyvalue` VALUES (704, '其他', 15, 20);
INSERT INTO `propertyvalue` VALUES (705, '聚酯纤维58.5% 棉41.5%', 13, 20);
INSERT INTO `propertyvalue` VALUES (706, '标准', 14, 20);
INSERT INTO `propertyvalue` VALUES (707, '短袖', 17, 33);
INSERT INTO `propertyvalue` VALUES (708, '圆领', 18, 33);
INSERT INTO `propertyvalue` VALUES (709, '青春流行', 15, 33);
INSERT INTO `propertyvalue` VALUES (710, '棉100%', 13, 33);
INSERT INTO `propertyvalue` VALUES (711, '标准', 14, 33);
INSERT INTO `propertyvalue` VALUES (712, '11', 3, 86);
INSERT INTO `propertyvalue` VALUES (713, '1111', 2, 86);
INSERT INTO `propertyvalue` VALUES (714, '111111', 1, 86);
INSERT INTO `propertyvalue` VALUES (715, '1555', 1, 88);

-- ----------------------------
-- Table structure for review
-- ----------------------------
DROP TABLE IF EXISTS `review`;
CREATE TABLE `review`  (
  `review_id` int(10) NOT NULL AUTO_INCREMENT,
  `review_content` mediumtext CHARACTER SET utf8 COLLATE utf8_general_ci NOT NULL,
  `review_createdate` datetime(0) NOT NULL,
  `review_user_id` int(10) NOT NULL,
  `review_product_id` int(10) NOT NULL,
  `review_orderItem_id` int(10) NOT NULL,
  PRIMARY KEY (`review_id`) USING BTREE,
  INDEX `review_user_id`(`review_user_id`) USING BTREE,
  INDEX `review_product_id`(`review_product_id`) USING BTREE,
  INDEX `review_orderItem_id`(`review_orderItem_id`) USING BTREE,
  CONSTRAINT `review_ibfk_1` FOREIGN KEY (`review_user_id`) REFERENCES `user` (`user_id`) ON DELETE RESTRICT ON UPDATE RESTRICT,
  CONSTRAINT `review_ibfk_2` FOREIGN KEY (`review_product_id`) REFERENCES `product` (`product_id`) ON DELETE RESTRICT ON UPDATE RESTRICT,
  CONSTRAINT `review_ibfk_3` FOREIGN KEY (`review_orderItem_id`) REFERENCES `productorderitem` (`productorderitem_id`) ON DELETE RESTRICT ON UPDATE RESTRICT
) ENGINE = InnoDB AUTO_INCREMENT = 77 CHARACTER SET = utf8 COLLATE = utf8_general_ci ROW_FORMAT = Dynamic;

-- ----------------------------
-- Records of review
-- ----------------------------
INSERT INTO `review` VALUES (1, '测试测试测试测试测试测试测试测试测试测试测试测试测试测试测试测试测试测试测试测试测试测试测试测试测试测试测试测试测试测试测试测试测试测试测试', '2018-05-14 00:00:00', 1, 37, 55);
INSERT INTO `review` VALUES (2, '手机很好！！！！！！！！！！拍照很清晰', '2018-05-14 00:00:00', 1, 42, 53);
INSERT INTO `review` VALUES (3, '质量很好', '2018-05-15 00:00:00', 1, 33, 61);
INSERT INTO `review` VALUES (4, 'dda', '2018-05-15 00:00:00', 1, 1, 64);
INSERT INTO `review` VALUES (5, '很好', '2018-05-23 00:00:00', 1, 41, 65);
INSERT INTO `review` VALUES (6, '非常好看！质量也不错！', '2018-05-24 00:00:00', 6, 14, 82);
INSERT INTO `review` VALUES (7, '很早之前就加入购物车了！买回来后果然没失望！质量很好，穿着也很舒服！', '2018-05-24 00:00:00', 6, 41, 83);
INSERT INTO `review` VALUES (8, '衣服很好看，发货很及时！', '2018-05-24 00:00:00', 7, 1, 85);
INSERT INTO `review` VALUES (9, '衣服很好看！模特也是哦(笑', '2018-05-24 00:00:00', 1, 1, 86);
INSERT INTO `review` VALUES (10, '衣服很时尚，质量也挺好', '2018-05-24 00:00:00', 7, 1, 88);
INSERT INTO `review` VALUES (11, '给姐姐买的衣服，姐姐很喜欢！质量很不错', '2018-05-24 00:00:00', 1, 1, 87);
INSERT INTO `review` VALUES (12, '发的衣服有点大了，其他还行，好评给卖家一个鼓励！', '2018-05-24 00:00:00', 6, 1, 90);
INSERT INTO `review` VALUES (13, '发货过程有点慢，衣服还行吧！', '2018-05-24 00:00:00', 7, 1, 89);
INSERT INTO `review` VALUES (14, '衣服特别看好，穿上去特潮，男票超级喜欢\r\n好评！', '2018-05-25 00:00:00', 8, 1, 93);
INSERT INTO `review` VALUES (15, '衣服有点大', '2018-05-25 00:00:00', 9, 1, 92);
INSERT INTO `review` VALUES (16, '第二次买了，这次发的正好!给卖家点个赞', '2018-05-25 00:00:00', 9, 1, 94);
INSERT INTO `review` VALUES (17, '没有卖家秀吗。。。。', '2018-05-25 00:00:00', 6, 1, 95);
INSERT INTO `review` VALUES (18, '给姑姑买的，姑姑很喜欢！掌柜也很细心！', '2018-05-25 00:00:00', 6, 1, 96);
INSERT INTO `review` VALUES (19, '前置两千万柔光双摄，照亮你的美！！！', '2018-05-25 00:00:00', 6, 42, 98);
INSERT INTO `review` VALUES (20, '手机很好用！给买家点赞', '2018-05-25 00:00:00', 9, 42, 100);
INSERT INTO `review` VALUES (21, '衣服贼好看，和女朋友买的情路装\r\n这下我们也是社会人了  哈哈哈哈哈\r\n抖音真神奇\r\n小猪佩奇身上纹，掌声送给社会人', '2018-05-25 00:00:00', 8, 41, 97);
INSERT INTO `review` VALUES (22, '手机刚买回家，很流畅，比R9好多了', '2018-05-25 00:00:00', 1, 42, 101);
INSERT INTO `review` VALUES (23, '前置柔光两千万照亮你的美！\r\n', '2018-05-25 00:00:00', 9, 42, 102);
INSERT INTO `review` VALUES (24, '手机用了几天有点卡，还是推荐小米', '2018-05-25 00:00:00', 9, 42, 104);
INSERT INTO `review` VALUES (25, '隔壁小米手机便宜又好用', '2018-05-25 00:00:00', 3, 42, 106);
INSERT INTO `review` VALUES (26, '刚到手，感觉很好用比一般手机要好，打算再买一只备用', '2018-05-25 00:00:00', 10, 42, 103);
INSERT INTO `review` VALUES (27, '超级好用  比之前买的各种手机都好用\r\n给爸妈和哥哥各买了一个    但是自己还是用Iphone\r\n不要问我为什么   OPPO对于年轻人来说性价比太差了\r\n但是家人喜欢    家人全是O粉\r\n好评', '2018-05-25 00:00:00', 8, 42, 105);
INSERT INTO `review` VALUES (28, '买家未做评价！', '2018-05-25 00:00:00', 3, 41, 107);
INSERT INTO `review` VALUES (29, '不说了，给七大姑八大姨都买了一件', '2018-05-25 00:00:00', 3, 1, 108);
INSERT INTO `review` VALUES (30, '公司年会，大家人手一个R11', '2018-05-25 00:00:00', 9, 42, 109);
INSERT INTO `review` VALUES (31, '温州最大皮革厂批发', '2018-05-25 00:00:00', 3, 1, 110);
INSERT INTO `review` VALUES (32, '对这款手机爱不释手，打算多买点给员工拿来当奖励', '2018-05-25 00:00:00', 10, 42, 111);
INSERT INTO `review` VALUES (33, '公司发福利人手一台\r\n不要问我为什么 当老板的就是这么任性', '2018-05-25 00:00:00', 8, 42, 112);
INSERT INTO `review` VALUES (34, '手机性能不错，比其他的还要好，再给亲戚买一些人手一只R11', '2018-05-25 00:00:00', 10, 42, 113);
INSERT INTO `review` VALUES (35, '五星好评！模特姐姐很好看', '2018-05-25 00:00:00', 11, 34, 115);
INSERT INTO `review` VALUES (36, '超级稀饭希望商家越做越好  好评好评', '2018-05-25 00:00:00', 12, 1, 116);
INSERT INTO `review` VALUES (37, '和女朋友一起穿，那就非常社会了！\r\n', '2018-05-25 00:00:00', 11, 41, 117);
INSERT INTO `review` VALUES (38, '自从买了这个扫地机器人，妈妈再也不担心我的卫生了', '2018-05-25 00:00:00', 11, 46, 118);
INSERT INTO `review` VALUES (39, '特步，非一般的感觉！', '2018-05-25 00:00:00', 11, 30, 120);
INSERT INTO `review` VALUES (40, '最爱小白鞋', '2018-05-25 00:00:00', 3, 30, 121);
INSERT INTO `review` VALUES (41, '买来训练的 踩屎感不明显  毕竟470的鞋子就那样吧   中评', '2018-05-25 00:00:00', 8, 30, 122);
INSERT INTO `review` VALUES (42, '耐特，非人般的感觉', '2018-05-25 00:00:00', 10, 30, 119);
INSERT INTO `review` VALUES (43, '买来送女友的生日礼物  她超级喜欢  给我冰火了一波  舒服~', '2018-05-25 00:00:00', 12, 68, 123);
INSERT INTO `review` VALUES (44, '鞋子不错，穿的很舒适', '2018-05-25 00:00:00', 13, 30, 124);
INSERT INTO `review` VALUES (45, '好评', '2018-05-25 00:00:00', 7, 31, 127);
INSERT INTO `review` VALUES (46, '衣服感觉不错，手感很好，重要的是穿很舒适\r\n', '2018-05-25 00:00:00', 10, 8, 130);
INSERT INTO `review` VALUES (47, '挺好看的就是价格太贵了', '2018-05-18 00:00:00', 12, 2, 143);
INSERT INTO `review` VALUES (48, '66666666666666666666666666666666666666666666666666666（听说好评返现）', '2018-05-18 00:00:00', 12, 1, 162);
INSERT INTO `review` VALUES (49, '好看', '2018-05-19 00:00:00', 14, 1, 173);
INSERT INTO `review` VALUES (50, '买来送爸爸的  老爸的荣耀8用了半年了  该给他换一个了', '2018-05-19 00:00:00', 14, 45, 175);
INSERT INTO `review` VALUES (51, '说实话OPPO手机是真的垃圾 真的不如小米\r\n同样的价格  小米能超OPPO几千里', '2018-05-20 00:00:00', 14, 42, 189);
INSERT INTO `review` VALUES (52, '衣服质量特别好  简直就是物美价廉', '2018-05-20 00:00:00', 14, 28, 191);
INSERT INTO `review` VALUES (53, '买来做情侣装  是不是因为太火了 回头率超高  还特别便宜', '2018-05-20 00:00:00', 14, 41, 194);
INSERT INTO `review` VALUES (54, '卖了两个  自己一个麻麻一个 超级好用。好评！', '2018-05-21 00:00:00', 14, 48, 203);
INSERT INTO `review` VALUES (55, '买了两个做情侣表感觉还可以', '2018-05-21 00:00:00', 8, 70, 205);
INSERT INTO `review` VALUES (56, '一下子买了五个  送朋友  感觉特别高大上', '2018-05-21 00:00:00', 8, 43, 208);
INSERT INTO `review` VALUES (57, '。', '2018-05-21 00:00:00', 8, 84, 210);
INSERT INTO `review` VALUES (58, '买了四个送客户 感觉这单生意可以拿下', '2018-05-22 00:00:00', 15, 71, 215);
INSERT INTO `review` VALUES (59, '6', '2018-05-22 00:00:00', 15, 23, 216);
INSERT INTO `review` VALUES (60, '老O粉了非常喜欢OPPO', '2018-05-22 00:00:00', 15, 42, 217);
INSERT INTO `review` VALUES (61, '质量超乎我的想象', '2018-05-23 00:00:00', 8, 16, 218);
INSERT INTO `review` VALUES (62, '买来奖励员工  性价比比较高的手机把  一直都很信赖小米', '2018-05-23 00:00:00', 8, 44, 219);
INSERT INTO `review` VALUES (63, '超级喜欢', '2018-05-23 00:00:00', 16, 31, 222);
INSERT INTO `review` VALUES (64, '就是有点小贵', '2018-05-23 00:00:00', 16, 25, 223);
INSERT INTO `review` VALUES (65, '特别喜欢 显腿长', '2018-05-23 00:00:00', 16, 15, 224);
INSERT INTO `review` VALUES (66, '222', '2018-05-25 00:00:00', 16, 41, 254);
INSERT INTO `review` VALUES (67, '手机很好用', '2018-05-25 00:00:00', 18, 42, 262);
INSERT INTO `review` VALUES (68, '111', '2018-05-25 00:00:00', 18, 44, 264);
INSERT INTO `review` VALUES (69, '鞋子很nice！！', '2018-05-26 00:00:00', 20, 27, 268);
INSERT INTO `review` VALUES (70, '很好看', '2018-05-26 00:00:00', 21, 26, 271);
INSERT INTO `review` VALUES (71, 'nice', '2018-05-26 00:00:00', 21, 38, 273);
INSERT INTO `review` VALUES (72, '1111', '2018-06-13 00:00:00', 1, 39, 276);
INSERT INTO `review` VALUES (73, '非常不错', '2018-05-23 00:00:00', 1, 11, 277);
INSERT INTO `review` VALUES (74, '手机很好', '2018-05-23 00:00:00', 1, 42, 279);
INSERT INTO `review` VALUES (75, '111111111', '2018-05-23 00:00:00', 1, 42, 284);
INSERT INTO `review` VALUES (76, '123', '2019-09-09 00:00:00', 25, 41, 288);

-- ----------------------------
-- Table structure for user
-- ----------------------------
DROP TABLE IF EXISTS `user`;
CREATE TABLE `user`  (
  `user_id` int(10) NOT NULL AUTO_INCREMENT,
  `user_name` varchar(25) CHARACTER SET utf8 COLLATE utf8_bin NOT NULL,
  `user_nickname` varchar(50) CHARACTER SET utf8 COLLATE utf8_general_ci NOT NULL,
  `user_password` varchar(50) CHARACTER SET utf8 COLLATE utf8_bin NOT NULL,
  `user_realname` varchar(20) CHARACTER SET utf8 COLLATE utf8_general_ci NULL DEFAULT NULL,
  `user_gender` tinyint(1) NOT NULL,
  `user_birthday` date NOT NULL,
  `user_address` char(6) CHARACTER SET utf8 COLLATE utf8_general_ci NOT NULL,
  `user_homeplace` char(6) CHARACTER SET utf8 COLLATE utf8_general_ci NOT NULL,
  `user_profile_picture_src` varchar(100) CHARACTER SET utf8 COLLATE utf8_general_ci NULL DEFAULT NULL,
  PRIMARY KEY (`user_id`) USING BTREE,
  UNIQUE INDEX `un_user_name`(`user_name`) USING BTREE,
  INDEX `user_address`(`user_address`) USING BTREE,
  INDEX `user_homeplace`(`user_homeplace`) USING BTREE,
  INDEX `cn_user_nickname`(`user_nickname`) USING BTREE,
  CONSTRAINT `user_ibfk_1` FOREIGN KEY (`user_address`) REFERENCES `address` (`address_areaId`) ON DELETE RESTRICT ON UPDATE RESTRICT,
  CONSTRAINT `user_ibfk_2` FOREIGN KEY (`user_homeplace`) REFERENCES `address` (`address_areaId`) ON DELETE RESTRICT ON UPDATE RESTRICT
) ENGINE = InnoDB AUTO_INCREMENT = 27 CHARACTER SET = utf8 COLLATE = utf8_general_ci ROW_FORMAT = Dynamic;

-- ----------------------------
-- Records of user
-- ----------------------------
INSERT INTO `user` VALUES (1, 'a120', 'MRJIANG', 'cc123.0', '?????', 0, '2013-12-01', '610112', '110100', '803da9e6-8f33-43b4-9aac-6ad41cf8b4d5.jpg');
INSERT INTO `user` VALUES (3, 'MRJIANG', '如有巧合', 'cc123.0', '流年', 0, '2018-05-11', '110101', '130000', NULL);
INSERT INTO `user` VALUES (6, 'a1209577113', '如有巧合丶', 'cc123.0', NULL, 0, '2018-05-07', '230102', '130000', NULL);
INSERT INTO `user` VALUES (7, '李浩', '李', 'cc123.0', '李浩', 0, '1997-06-22', '110109', '130000', NULL);
INSERT INTO `user` VALUES (8, '聚散又依依', '聚散又依依', 'a1392432919', '邓云涛', 0, '1997-04-05', '110101', '130000', NULL);
INSERT INTO `user` VALUES (9, '红豆豆', '豆豆', 'li19970622', '红豆豆', 1, '2000-05-12', '510923', '130000', NULL);
INSERT INTO `user` VALUES (10, '兰文斌', '停车坐爱枫林晚', 'ln221397', '老男孩', 0, '2018-05-10', '511922', '130000', NULL);
INSERT INTO `user` VALUES (11, '明明', '小明', 'li19970622', '红豆豆', 0, '2018-05-01', '110101', '130000', NULL);
INSERT INTO `user` VALUES (12, '霜叶红于二月花', '王九日', 'a666', NULL, 0, '1999-10-01', '320583', '130000', NULL);
INSERT INTO `user` VALUES (13, '那倒是', '加尔奈特巴斯塔', 'ln221379', NULL, 0, '2018-05-04', '610113', '130000', NULL);
INSERT INTO `user` VALUES (14, '王999', '王恒', 'a999999999', '王蓝', 0, '1995-01-08', '230112', '130000', NULL);
INSERT INTO `user` VALUES (15, '我变强了', '李有生', 'a789', NULL, 0, '1980-09-04', '370102', '130000', NULL);
INSERT INTO `user` VALUES (16, '柯6', '我的兄弟叫顺溜', 'hui6', '柯旭', 1, '2001-01-07', '420102', '130000', NULL);
INSERT INTO `user` VALUES (17, 'bao', '可乐', '123456a', '小猫咪', 0, '2002-02-16', '610113', '130000', NULL);
INSERT INTO `user` VALUES (18, '西安', '西安', 'cc123.0', '西安', 0, '2018-05-03', '110101', '130000', NULL);
INSERT INTO `user` VALUES (19, 'b120', '人员', 'cc123.0', '其他', 0, '2018-05-01', '110101', '130000', NULL);
INSERT INTO `user` VALUES (20, 'c120', 'aaa', 'cc123.0', NULL, 0, '2018-05-03', '110101', '130000', NULL);
INSERT INTO `user` VALUES (21, 'd120', '任意切换', 'cc123.0', NULL, 0, '2018-05-09', '110101', '130000', NULL);
INSERT INTO `user` VALUES (22, '叽里呱啦', '泰山石敢当', 'zxq123456', NULL, 1, '2019-09-09', '110101', '130000', NULL);
INSERT INTO `user` VALUES (23, '233', '2333', 'lx123456', NULL, 0, '2019-09-09', '110101', '130000', NULL);
INSERT INTO `user` VALUES (24, '贤趣测试员', '睿啊', '1qwertyuiop', NULL, 0, '2000-09-09', '610102', '130000', NULL);
INSERT INTO `user` VALUES (25, '111', '111', '111qwe', NULL, 0, '2019-09-05', '110101', '130000', NULL);
INSERT INTO `user` VALUES (26, '123456', 'abner', 'qwe321', NULL, 0, '2019-09-09', '110101', '130000', NULL);

SET FOREIGN_KEY_CHECKS = 1;
